enrollment_id,student_id,course_id,score
ENR000000,STU00993,CRS009,-4
ENR000001,STU00519,CRS008,60
ENR000002,STU00658,CRS013,41
ENR000003,STU00836,CRS008,0
ENR000004,STU00470,CRS015,92
ENR000005,STU00586,CRS015,1
ENR000006,STU00877,CRS016,47
ENR000007,STU00323,CRS004,53
ENR000008,STU00763,CRS001,3
ENR000009,STU00413,CRS014,-6
ENR000010,STU00570,CRS018,-10
ENR000011,STU00845,CRS003,91
ENR000012,STU00618,CRS020,71
ENR000013,STU00311,CRS017,61
ENR000014,STU00211,CRS015,33
ENR000015,STU00372,CRS002,94
ENR000016,STU00228,CRS015,32
ENR000017,STU00573,CRS020,66
ENR000018,STU00484,CRS012,81
ENR000019,STU00463,CRS004,2
ENR000020,STU00777,CRS008,-10
ENR000021,STU00349,CRS012,96
ENR000022,STU00648,CRS010,60
ENR000023,STU00534,CRS012,79
ENR000024,STU00108,CRS002,104
ENR000025,STU00168,CRS016,7
ENR000026,STU00841,CRS014,3
ENR000027,STU00260,CRS020,15
ENR000028,STU00192,CRS004,109
ENR000029,STU00872,CRS013,17
ENR000030,STU00468,CRS007,81
ENR000031,STU00346,CRS004,86
ENR000032,STU00424,CRS002,108
ENR000033,STU00648,CRS019,5
ENR000034,STU00790,CRS015,48
ENR000035,STU00674,CRS019,54
ENR000036,STU00137,CRS016,-10
ENR000037,STU00543,CRS002,60
ENR000038,STU00957,CRS014,97
ENR000039,STU00599,CRS016,108
ENR000040,STU00520,CRS006,78
ENR000041,STU00592,CRS006,83
ENR000042,STU00834,CRS005,3
ENR000043,STU00396,CRS020,67
ENR000044,STU00903,CRS011,54
ENR000045,STU00902,CRS013,43
ENR000046,STU00623,CRS008,25
ENR000047,STU00407,CRS011,27
ENR000048,STU00463,CRS005,7
ENR000049,STU00422,CRS020,79
ENR000050,STU00907,CRS017,28
ENR000051,STU00863,CRS018,100
ENR000052,STU00321,CRS018,70
ENR000053,STU00222,CRS007,16
ENR000054,STU00639,CRS010,77
ENR000055,STU00353,CRS005,80
ENR000056,STU00665,CRS006,54
ENR000057,STU00555,CRS011,80
ENR000058,STU00118,CRS012,61
ENR000059,STU00491,CRS019,63
ENR000060,STU00965,CRS014,76
ENR000061,STU00765,CRS018,26
ENR000062,STU00898,CRS014,93
ENR000063,STU00013,CRS017,3
ENR000064,STU00025,CRS013,8
ENR000065,STU00054,CRS002,15
ENR000066,STU00273,CRS006,26
ENR000067,STU00699,CRS009,8
ENR000068,STU00859,CRS002,78
ENR000069,STU00803,CRS010,16
ENR000070,STU00771,CRS018,-6
ENR000071,STU00367,CRS015,3
ENR000072,STU00630,CRS018,100
ENR000073,STU00229,CRS018,39
ENR000074,STU00243,CRS017,90
ENR000075,STU00815,CRS010,78
ENR000076,STU00680,CRS002,108
ENR000077,STU00390,CRS013,43
ENR000078,STU00979,CRS011,60
ENR000079,STU00055,CRS001,85
ENR000080,STU00257,CRS007,69
ENR000081,STU00889,CRS015,96
ENR000082,STU00230,CRS012,86
ENR000083,STU00602,CRS018,84
ENR000084,STU00617,CRS007,89
ENR000085,STU00742,CRS007,27
ENR000086,STU00459,CRS006,77
ENR000087,STU00076,CRS006,12
ENR000088,STU00752,CRS017,5
ENR000089,STU00386,CRS002,44
ENR000090,STU00285,CRS018,23
ENR000091,STU00133,CRS006,64
ENR000092,STU00866,CRS009,-10
ENR000093,STU00338,CRS015,80
ENR000094,STU00959,CRS005,-5
ENR000095,STU00157,CRS011,66
ENR000096,STU00052,CRS020,97
ENR000097,STU00677,CRS010,52
ENR000098,STU00808,CRS019,60
ENR000099,STU00366,CRS003,90
ENR000100,STU00724,CRS011,57
ENR000101,STU00225,CRS006,56
ENR000102,STU00069,CRS017,10
ENR000103,STU00425,CRS018,58
ENR000104,STU00413,CRS003,34
ENR000105,STU00226,CRS007,74
ENR000106,STU00339,CRS011,36
ENR000107,STU00300,CRS007,86
ENR000108,STU00633,CRS017,50
ENR000109,STU00574,CRS001,4
ENR000110,STU00684,CRS012,47
ENR000111,STU00246,CRS020,107
ENR000112,STU00636,CRS008,-5
ENR000113,STU00698,CRS011,38
ENR000114,STU00937,CRS004,39
ENR000115,STU00262,CRS018,82
ENR000116,STU00289,CRS001,106
ENR000117,STU00529,CRS012,55
ENR000118,STU00822,CRS017,47
ENR000119,STU00498,CRS002,27
ENR000120,STU00919,CRS007,31
ENR000121,STU00526,CRS003,2
ENR000122,STU00171,CRS018,58
ENR000123,STU00007,CRS003,16
ENR000124,STU00686,CRS007,100
ENR000125,STU00701,CRS014,96
ENR000126,STU00106,CRS007,58
ENR000127,STU00848,CRS014,72
ENR000128,STU00836,CRS003,85
ENR000129,STU00702,CRS005,-7
ENR000130,STU00470,CRS011,-6
ENR000131,STU00089,CRS003,-4
ENR000132,STU00182,CRS009,61
ENR000133,STU00072,CRS019,95
ENR000134,STU00233,CRS009,42
ENR000135,STU00397,CRS015,70
ENR000136,STU00414,CRS014,30
ENR000137,STU00017,CRS013,76
ENR000138,STU00121,CRS018,-10
ENR000139,STU00656,CRS020,-2
ENR000140,STU00774,CRS019,-5
ENR000141,STU00717,CRS003,35
ENR000142,STU00950,CRS017,3
ENR000143,STU00296,CRS010,67
ENR000144,STU00088,CRS010,87
ENR000145,STU00948,CRS015,38
ENR000146,STU00404,CRS001,50
ENR000147,STU00160,CRS018,18
ENR000148,STU00139,CRS013,91
ENR000149,STU00816,CRS018,27
ENR000150,STU00983,CRS005,28
ENR000151,STU00693,CRS012,-9
ENR000152,STU00566,CRS018,8
ENR000153,STU00126,CRS002,-10
ENR000154,STU00586,CRS020,40
ENR000155,STU00550,CRS018,0
ENR000156,STU00312,CRS007,85
ENR000157,STU00759,CRS012,17
ENR000158,STU00422,CRS017,8
ENR000159,STU00164,CRS006,18
ENR000160,STU00631,CRS009,14
ENR000161,STU00117,CRS006,75
ENR000162,STU00818,CRS019,99
ENR000163,STU00055,CRS018,49
ENR000164,STU00660,CRS018,-1
ENR000165,STU00297,CRS003,22
ENR000166,STU00100,CRS007,82
ENR000167,STU00594,CRS016,32
ENR000168,STU00365,CRS005,75
ENR000169,STU00671,CRS008,2
ENR000170,STU00291,CRS020,-2
ENR000171,STU00921,CRS007,30
ENR000172,STU00497,CRS015,32
ENR000173,STU00631,CRS010,78
ENR000174,STU00598,CRS005,62
ENR000175,STU00580,CRS012,93
ENR000176,STU00323,CRS014,11
ENR000177,STU00004,CRS011,21
ENR000178,STU00804,CRS008,81
ENR000179,STU00757,CRS014,25
ENR000180,STU00860,CRS012,7
ENR000181,STU00695,CRS011,102
ENR000182,STU00491,CRS015,47
ENR000183,STU00367,CRS010,52
ENR000184,STU00564,CRS004,12
ENR000185,STU00661,CRS020,0
ENR000186,STU00861,CRS009,99
ENR000187,STU00846,CRS005,104
ENR000188,STU00551,CRS007,23
ENR000189,STU00751,CRS003,83
ENR000190,STU00077,CRS001,98
ENR000191,STU00519,CRS001,94
ENR000192,STU00595,CRS019,41
ENR000193,STU00787,CRS019,17
ENR000194,STU00928,CRS002,60
ENR000195,STU00266,CRS018,104
ENR000196,STU00552,CRS016,73
ENR000197,STU00793,CRS005,36
ENR000198,STU00401,CRS008,104
ENR000199,STU00790,CRS019,83
ENR000200,STU00877,CRS010,7
ENR000201,STU00475,CRS017,55
ENR000202,STU00092,CRS013,36
ENR000203,STU00514,CRS001,74
ENR000204,STU00244,CRS020,77
ENR000205,STU00169,CRS017,7
ENR000206,STU00456,CRS006,12
ENR000207,STU00579,CRS019,74
ENR000208,STU00893,CRS005,84
ENR000209,STU00749,CRS016,110
ENR000210,STU00367,CRS002,18
ENR000211,STU00779,CRS016,19
ENR000212,STU00064,CRS009,37
ENR000213,STU00239,CRS002,75
ENR000214,STU00211,CRS017,106
ENR000215,STU00810,CRS012,39
ENR000216,STU00480,CRS015,102
ENR000217,STU00047,CRS002,73
ENR000218,STU00331,CRS004,80
ENR000219,STU00991,CRS017,71
ENR000220,STU00849,CRS009,96
ENR000221,STU00759,CRS009,64
ENR000222,STU00557,CRS019,12
ENR000223,STU00385,CRS013,36
ENR000224,STU00601,CRS003,56
ENR000225,STU00257,CRS013,106
ENR000226,STU00228,CRS017,41
ENR000227,STU00361,CRS012,52
ENR000228,STU00811,CRS016,103
ENR000229,STU00618,CRS001,54
ENR000230,STU00903,CRS005,46
ENR000231,STU00169,CRS008,-1
ENR000232,STU00526,CRS009,17
ENR000233,STU00153,CRS006,10
ENR000234,STU00370,CRS020,81
ENR000235,STU00836,CRS004,74
ENR000236,STU00235,CRS014,93
ENR000237,STU00338,CRS004,51
ENR000238,STU00691,CRS016,51
ENR000239,STU00215,CRS019,10
ENR000240,STU00662,CRS014,-8
ENR000241,STU00249,CRS002,6
ENR000242,STU00587,CRS019,10
ENR000243,STU00137,CRS017,-5
ENR000244,STU00912,CRS019,8
ENR000245,STU00057,CRS006,23
ENR000246,STU00944,CRS006,56
ENR000247,STU00981,CRS013,66
ENR000248,STU00992,CRS019,71
ENR000249,STU00019,CRS010,0
ENR000250,STU00221,CRS015,67
ENR000251,STU00482,CRS016,11
ENR000252,STU00224,CRS014,66
ENR000253,STU00146,CRS019,95
ENR000254,STU00785,CRS006,69
ENR000255,STU00675,CRS017,23
ENR000256,STU00171,CRS011,108
ENR000257,STU00464,CRS020,65
ENR000258,STU00070,CRS008,38
ENR000259,STU00394,CRS005,3
ENR000260,STU00016,CRS007,56
ENR000261,STU00880,CRS017,77
ENR000262,STU00429,CRS005,67
ENR000263,STU00098,CRS006,50
ENR000264,STU00923,CRS020,66
ENR000265,STU00039,CRS018,54
ENR000266,STU00770,CRS004,1
ENR000267,STU00493,CRS005,105
ENR000268,STU00617,CRS018,95
ENR000269,STU00001,CRS014,56
ENR000270,STU00430,CRS012,101
ENR000271,STU00044,CRS017,44
ENR000272,STU00234,CRS016,91
ENR000273,STU00787,CRS013,34
ENR000274,STU00603,CRS019,2
ENR000275,STU00435,CRS005,22
ENR000276,STU00488,CRS008,106
ENR000277,STU00879,CRS003,26
ENR000278,STU00612,CRS018,42
ENR000279,STU00263,CRS007,-10
ENR000280,STU00726,CRS001,63
ENR000281,STU00535,CRS004,56
ENR000282,STU00007,CRS013,73
ENR000283,STU00210,CRS011,42
ENR000284,STU00370,CRS004,9
ENR000285,STU00436,CRS019,22
ENR000286,STU00267,CRS018,44
ENR000287,STU00578,CRS012,68
ENR000288,STU00282,CRS013,86
ENR000289,STU00208,CRS014,60
ENR000290,STU00802,CRS018,51
ENR000291,STU00183,CRS012,61
ENR000292,STU00568,CRS016,22
ENR000293,STU00314,CRS019,34
ENR000294,STU00792,CRS013,84
ENR000295,STU00141,CRS004,85
ENR000296,STU00235,CRS015,90
ENR000297,STU00716,CRS006,2
ENR000298,STU00219,CRS017,41
ENR000299,STU00804,CRS011,92
ENR000300,STU00563,CRS020,79
ENR000301,STU00700,CRS002,10
ENR000302,STU00398,CRS001,92
ENR000303,STU00093,CRS005,50
ENR000304,STU00948,CRS020,45
ENR000305,STU00090,CRS003,23
ENR000306,STU00227,CRS012,0
ENR000307,STU00623,CRS002,82
ENR000308,STU00393,CRS013,68
ENR000309,STU00671,CRS017,26
ENR000310,STU00728,CRS020,-3
ENR000311,STU00968,CRS006,71
ENR000312,STU00506,CRS015,-9
ENR000313,STU00206,CRS017,26
ENR000314,STU00199,CRS002,90
ENR000315,STU00613,CRS017,56
ENR000316,STU00715,CRS008,68
ENR000317,STU00173,CRS002,36
ENR000318,STU00244,CRS001,10
ENR000319,STU00088,CRS009,89
ENR000320,STU00409,CRS012,75
ENR000321,STU00404,CRS013,65
ENR000322,STU00205,CRS017,-9
ENR000323,STU00754,CRS003,107
ENR000324,STU00092,CRS018,26
ENR000325,STU00743,CRS018,107
ENR000326,STU00596,CRS012,34
ENR000327,STU00986,CRS009,18
ENR000328,STU00620,CRS007,48
ENR000329,STU00952,CRS013,63
ENR000330,STU00004,CRS009,12
ENR000331,STU00416,CRS017,3
ENR000332,STU00572,CRS003,54
ENR000333,STU00301,CRS011,4
ENR000334,STU00822,CRS017,22
ENR000335,STU00897,CRS018,94
ENR000336,STU00812,CRS019,22
ENR000337,STU00710,CRS015,38
ENR000338,STU00576,CRS016,88
ENR000339,STU00249,CRS011,89
ENR000340,STU00469,CRS015,104
ENR000341,STU00600,CRS001,51
ENR000342,STU00119,CRS009,-2
ENR000343,STU00391,CRS008,76
ENR000344,STU00718,CRS008,92
ENR000345,STU00323,CRS014,35
ENR000346,STU00528,CRS018,-9
ENR000347,STU00717,CRS009,21
ENR000348,STU00294,CRS003,41
ENR000349,STU00689,CRS011,-1
ENR000350,STU00567,CRS006,50
ENR000351,STU00321,CRS012,17
ENR000352,STU00915,CRS019,24
ENR000353,STU00187,CRS007,53
ENR000354,STU00754,CRS007,20
ENR000355,STU00753,CRS008,101
ENR000356,STU00271,CRS007,19
ENR000357,STU00207,CRS008,97
ENR000358,STU00633,CRS012,9
ENR000359,STU00797,CRS004,5
ENR000360,STU00942,CRS003,76
ENR000361,STU00978,CRS016,68
ENR000362,STU00006,CRS018,-5
ENR000363,STU00868,CRS016,37
ENR000364,STU00635,CRS011,53
ENR000365,STU00919,CRS019,101
ENR000366,STU00281,CRS016,13
ENR000367,STU00782,CRS017,25
ENR000368,STU00407,CRS008,86
ENR000369,STU00590,CRS005,-4
ENR000370,STU00538,CRS014,51
ENR000371,STU00962,CRS018,-6
ENR000372,STU00514,CRS012,40
ENR000373,STU00881,CRS006,48
ENR000374,STU00999,CRS004,79
ENR000375,STU00530,CRS015,30
ENR000376,STU00705,CRS001,-9
ENR000377,STU00690,CRS007,38
ENR000378,STU00594,CRS004,31
ENR000379,STU00370,CRS020,100
ENR000380,STU00265,CRS006,60
ENR000381,STU00269,CRS008,24
ENR000382,STU00482,CRS020,33
ENR000383,STU00374,CRS006,53
ENR000384,STU00434,CRS007,43
ENR000385,STU00717,CRS012,36
ENR000386,STU00874,CRS013,25
ENR000387,STU00461,CRS006,63
ENR000388,STU00134,CRS019,77
ENR000389,STU00234,CRS004,82
ENR000390,STU00276,CRS008,61
ENR000391,STU00442,CRS013,15
ENR000392,STU00149,CRS005,50
ENR000393,STU00825,CRS001,12
ENR000394,STU00431,CRS016,7
ENR000395,STU00914,CRS017,58
ENR000396,STU00737,CRS011,90
ENR000397,STU00498,CRS010,22
ENR000398,STU00575,CRS019,-4
ENR000399,STU00407,CRS004,78
ENR000400,STU00167,CRS002,17
ENR000401,STU00833,CRS009,50
ENR000402,STU00859,CRS004,47
ENR000403,STU00762,CRS011,23
ENR000404,STU00369,CRS012,61
ENR000405,STU00570,CRS009,34
ENR000406,STU00020,CRS014,5
ENR000407,STU00359,CRS020,15
ENR000408,STU00590,CRS019,73
ENR000409,STU00664,CRS018,12
ENR000410,STU00799,CRS010,35
ENR000411,STU00332,CRS017,52
ENR000412,STU00793,CRS015,103
ENR000413,STU00080,CRS013,68
ENR000414,STU00293,CRS015,70
ENR000415,STU00979,CRS005,101
ENR000416,STU00171,CRS011,43
ENR000417,STU00646,CRS020,63
ENR000418,STU00414,CRS003,0
ENR000419,STU00165,CRS011,19
ENR000420,STU00321,CRS011,73
ENR000421,STU00298,CRS009,67
ENR000422,STU00660,CRS013,24
ENR000423,STU00908,CRS015,89
ENR000424,STU00883,CRS012,85
ENR000425,STU00601,CRS017,47
ENR000426,STU00423,CRS006,13
ENR000427,STU00874,CRS001,6
ENR000428,STU00745,CRS008,74
ENR000429,STU00257,CRS003,16
ENR000430,STU00170,CRS013,3
ENR000431,STU00097,CRS003,109
ENR000432,STU00899,CRS016,60
ENR000433,STU00055,CRS001,88
ENR000434,STU00406,CRS017,87
ENR000435,STU00085,CRS004,23
ENR000436,STU00632,CRS005,0
ENR000437,STU00670,CRS013,29
ENR000438,STU00234,CRS008,84
ENR000439,STU00290,CRS015,70
ENR000440,STU00129,CRS005,57
ENR000441,STU00858,CRS006,-7
ENR000442,STU00035,CRS012,100
ENR000443,STU00937,CRS011,100
ENR000444,STU00487,CRS015,101
ENR000445,STU00553,CRS009,60
ENR000446,STU00455,CRS005,79
ENR000447,STU00552,CRS006,65
ENR000448,STU00611,CRS015,70
ENR000449,STU00766,CRS019,45
ENR000450,STU00536,CRS018,29
ENR000451,STU00930,CRS012,51
ENR000452,STU00552,CRS008,93
ENR000453,STU00091,CRS015,29
ENR000454,STU00374,CRS014,23
ENR000455,STU00159,CRS010,-9
ENR000456,STU00000,CRS017,94
ENR000457,STU00776,CRS005,34
ENR000458,STU00293,CRS016,58
ENR000459,STU00008,CRS016,86
ENR000460,STU00488,CRS010,-9
ENR000461,STU00784,CRS014,92
ENR000462,STU00299,CRS020,19
ENR000463,STU00815,CRS001,60
ENR000464,STU00382,CRS007,42
ENR000465,STU00903,CRS018,45
ENR000466,STU00404,CRS008,10
ENR000467,STU00732,CRS013,96
ENR000468,STU00387,CRS008,23
ENR000469,STU00081,CRS014,70
ENR000470,STU00245,CRS017,87
ENR000471,STU00819,CRS020,93
ENR000472,STU00710,CRS009,26
ENR000473,STU00664,CRS018,93
ENR000474,STU00275,CRS014,14
ENR000475,STU00873,CRS003,13
ENR000476,STU00139,CRS010,4
ENR000477,STU00652,CRS015,69
ENR000478,STU00463,CRS009,79
ENR000479,STU00637,CRS016,14
ENR000480,STU00328,CRS001,9
ENR000481,STU00050,CRS018,-8
ENR000482,STU00190,CRS004,26
ENR000483,STU00275,CRS005,81
ENR000484,STU00448,CRS001,19
ENR000485,STU00092,CRS005,-9
ENR000486,STU00505,CRS007,33
ENR000487,STU00430,CRS010,90
ENR000488,STU00818,CRS016,37
ENR000489,STU00474,CRS002,32
ENR000490,STU00082,CRS005,-3
ENR000491,STU00272,CRS013,-1
ENR000492,STU00556,CRS016,13
ENR000493,STU00196,CRS009,94
ENR000494,STU00390,CRS001,5
ENR000495,STU00997,CRS008,39
ENR000496,STU00789,CRS015,21
ENR000497,STU00755,CRS002,15
ENR000498,STU00471,CRS004,56
ENR000499,STU00681,CRS007,50
ENR000500,STU00398,CRS010,109
ENR000501,STU00330,CRS006,70
ENR000502,STU00745,CRS002,85
ENR000503,STU00959,CRS018,56
ENR000504,STU00125,CRS009,51
ENR000505,STU00653,CRS010,15
ENR000506,STU00369,CRS002,100
ENR000507,STU00682,CRS007,4
ENR000508,STU00241,CRS014,31
ENR000509,STU00015,CRS006,91
ENR000510,STU00282,CRS019,5
ENR000511,STU00405,CRS008,-9
ENR000512,STU00992,CRS002,64
ENR000513,STU00802,CRS016,78
ENR000514,STU00610,CRS005,37
ENR000515,STU00789,CRS003,21
ENR000516,STU00161,CRS016,1
ENR000517,STU00702,CRS020,33
ENR000518,STU00953,CRS002,-3
ENR000519,STU00364,CRS005,79
ENR000520,STU00549,CRS004,6
ENR000521,STU00499,CRS008,30
ENR000522,STU00571,CRS012,93
ENR000523,STU00913,CRS015,83
ENR000524,STU00197,CRS001,78
ENR000525,STU00386,CRS012,82
ENR000526,STU00137,CRS009,105
ENR000527,STU00040,CRS016,80
ENR000528,STU00448,CRS018,27
ENR000529,STU00555,CRS016,14
ENR000530,STU00580,CRS006,59
ENR000531,STU00356,CRS011,83
ENR000532,STU00479,CRS009,101
ENR000533,STU00851,CRS020,107
ENR000534,STU00881,CRS018,10
ENR000535,STU00070,CRS017,9
ENR000536,STU00460,CRS010,94
ENR000537,STU00269,CRS018,36
ENR000538,STU00464,CRS001,89
ENR000539,STU00653,CRS017,38
ENR000540,STU00751,CRS006,103
ENR000541,STU00019,CRS020,99
ENR000542,STU00372,CRS020,20
ENR000543,STU00328,CRS003,74
ENR000544,STU00990,CRS018,94
ENR000545,STU00396,CRS007,57
ENR000546,STU00699,CRS016,88
ENR000547,STU00564,CRS005,68
ENR000548,STU00289,CRS011,42
ENR000549,STU00656,CRS011,4
ENR000550,STU00098,CRS017,74
ENR000551,STU00068,CRS002,96
ENR000552,STU00960,CRS005,12
ENR000553,STU00894,CRS002,15
ENR000554,STU00109,CRS016,14
ENR000555,STU00101,CRS002,63
ENR000556,STU00657,CRS013,74
ENR000557,STU00501,CRS017,69
ENR000558,STU00718,CRS019,22
ENR000559,STU00050,CRS012,18
ENR000560,STU00620,CRS003,-9
ENR000561,STU00952,CRS007,73
ENR000562,STU00503,CRS003,49
ENR000563,STU00820,CRS002,36
ENR000564,STU00571,CRS014,95
ENR000565,STU00377,CRS002,95
ENR000566,STU00631,CRS009,57
ENR000567,STU00041,CRS003,96
ENR000568,STU00311,CRS003,110
ENR000569,STU00221,CRS017,2
ENR000570,STU00103,CRS008,58
ENR000571,STU00394,CRS007,14
ENR000572,STU00538,CRS008,62
ENR000573,STU00640,CRS006,61
ENR000574,STU00767,CRS018,43
ENR000575,STU00764,CRS004,88
ENR000576,STU00653,CRS019,35
ENR000577,STU00690,CRS015,79
ENR000578,STU00681,CRS014,103
ENR000579,STU00106,CRS006,91
ENR000580,STU00184,CRS018,41
ENR000581,STU00516,CRS011,74
ENR000582,STU00161,CRS018,66
ENR000583,STU00453,CRS012,105
ENR000584,STU00322,CRS018,31
ENR000585,STU00865,CRS012,42
ENR000586,STU00782,CRS014,95
ENR000587,STU00743,CRS011,67
ENR000588,STU00246,CRS019,59
ENR000589,STU00219,CRS013,88
ENR000590,STU00563,CRS009,36
ENR000591,STU00984,CRS015,47
ENR000592,STU00982,CRS013,-10
ENR000593,STU00743,CRS002,26
ENR000594,STU00610,CRS001,56
ENR000595,STU00138,CRS010,-10
ENR000596,STU00307,CRS008,17
ENR000597,STU00876,CRS011,-8
ENR000598,STU00790,CRS009,107
ENR000599,STU00566,CRS017,61
ENR000600,STU00584,CRS019,9
ENR000601,STU00096,CRS002,48
ENR000602,STU00364,CRS005,7
ENR000603,STU00271,CRS012,103
ENR000604,STU00596,CRS008,19
ENR000605,STU00262,CRS010,1
ENR000606,STU00584,CRS013,62
ENR000607,STU00939,CRS007,83
ENR000608,STU00079,CRS011,91
ENR000609,STU00494,CRS006,52
ENR000610,STU00845,CRS019,94
ENR000611,STU00929,CRS004,66
ENR000612,STU00657,CRS010,-6
ENR000613,STU00748,CRS019,38
ENR000614,STU00080,CRS002,107
ENR000615,STU00789,CRS011,34
ENR000616,STU00900,CRS014,43
ENR000617,STU00952,CRS004,101
ENR000618,STU00788,CRS008,85
ENR000619,STU00668,CRS020,108
ENR000620,STU00011,CRS013,-4
ENR000621,STU00312,CRS017,-5
ENR000622,STU00326,CRS018,62
ENR000623,STU00153,CRS011,54
ENR000624,STU00714,CRS008,9
ENR000625,STU00051,CRS013,47
ENR000626,STU00770,CRS020,63
ENR000627,STU00516,CRS003,18
ENR000628,STU00442,CRS010,90
ENR000629,STU00403,CRS005,6
ENR000630,STU00344,CRS003,50
ENR000631,STU00585,CRS002,60
ENR000632,STU00408,CRS009,0
ENR000633,STU00408,CRS017,45
ENR000634,STU00792,CRS005,87
ENR000635,STU00138,CRS016,61
ENR000636,STU00202,CRS016,40
ENR000637,STU00667,CRS019,15
ENR000638,STU00574,CRS020,84
ENR000639,STU00536,CRS008,21
ENR000640,STU00073,CRS009,89
ENR000641,STU00440,CRS011,77
ENR000642,STU00946,CRS019,1
ENR000643,STU00115,CRS014,44
ENR000644,STU00374,CRS012,14
ENR000645,STU00328,CRS012,66
ENR000646,STU00671,CRS001,88
ENR000647,STU00312,CRS006,34
ENR000648,STU00631,CRS015,69
ENR000649,STU00149,CRS015,-5
ENR000650,STU00946,CRS008,15
ENR000651,STU00701,CRS012,9
ENR000652,STU00775,CRS003,4
ENR000653,STU00757,CRS002,21
ENR000654,STU00971,CRS020,108
ENR000655,STU00151,CRS010,-9
ENR000656,STU00351,CRS004,29
ENR000657,STU00460,CRS016,-8
ENR000658,STU00339,CRS007,84
ENR000659,STU00550,CRS007,16
ENR000660,STU00559,CRS017,86
ENR000661,STU00264,CRS018,51
ENR000662,STU00637,CRS005,78
ENR000663,STU00715,CRS001,38
ENR000664,STU00596,CRS017,-5
ENR000665,STU00261,CRS006,-3
ENR000666,STU00290,CRS007,91
ENR000667,STU00713,CRS020,24
ENR000668,STU00054,CRS015,73
ENR000669,STU00967,CRS001,-2
ENR000670,STU00397,CRS009,74
ENR000671,STU00872,CRS012,100
ENR000672,STU00110,CRS001,27
ENR000673,STU00888,CRS013,19
ENR000674,STU00389,CRS017,80
ENR000675,STU00101,CRS011,52
ENR000676,STU00887,CRS020,58
ENR000677,STU00090,CRS006,15
ENR000678,STU00512,CRS015,61
ENR000679,STU00948,CRS001,-5
ENR000680,STU00253,CRS017,29
ENR000681,STU00341,CRS016,40
ENR000682,STU00762,CRS006,-8
ENR000683,STU00355,CRS012,35
ENR000684,STU00640,CRS010,20
ENR000685,STU00513,CRS009,93
ENR000686,STU00063,CRS009,102
ENR000687,STU00396,CRS001,110
ENR000688,STU00568,CRS009,18
ENR000689,STU00155,CRS011,104
ENR000690,STU00402,CRS005,1
ENR000691,STU00747,CRS013,56
ENR000692,STU00983,CRS020,101
ENR000693,STU00640,CRS008,43
ENR000694,STU00246,CRS019,9
ENR000695,STU00436,CRS010,106
ENR000696,STU00619,CRS011,47
ENR000697,STU00555,CRS005,16
ENR000698,STU00668,CRS005,64
ENR000699,STU00554,CRS007,100
ENR000700,STU00141,CRS010,78
ENR000701,STU00722,CRS017,106
ENR000702,STU00138,CRS014,106
ENR000703,STU00999,CRS005,73
ENR000704,STU00955,CRS019,107
ENR000705,STU00161,CRS011,-2
ENR000706,STU00570,CRS018,82
ENR000707,STU00121,CRS006,30
ENR000708,STU00859,CRS005,83
ENR000709,STU00030,CRS011,102
ENR000710,STU00996,CRS014,42
ENR000711,STU00310,CRS015,85
ENR000712,STU00956,CRS009,9
ENR000713,STU00797,CRS007,3
ENR000714,STU00134,CRS006,-7
ENR000715,STU00780,CRS020,68
ENR000716,STU00273,CRS020,62
ENR000717,STU00627,CRS008,66
ENR000718,STU00237,CRS008,77
ENR000719,STU00026,CRS012,0
ENR000720,STU00704,CRS016,7
ENR000721,STU00514,CRS020,50
ENR000722,STU00729,CRS012,13
ENR000723,STU00872,CRS013,52
ENR000724,STU00485,CRS005,10
ENR000725,STU00197,CRS008,-6
ENR000726,STU00418,CRS001,108
ENR000727,STU00276,CRS014,18
ENR000728,STU00760,CRS007,86
ENR000729,STU00209,CRS003,12
ENR000730,STU00949,CRS015,100
ENR000731,STU00631,CRS016,78
ENR000732,STU00332,CRS015,103
ENR000733,STU00252,CRS014,41
ENR000734,STU00794,CRS002,67
ENR000735,STU00752,CRS013,82
ENR000736,STU00320,CRS013,68
ENR000737,STU00961,CRS019,66
ENR000738,STU00549,CRS017,72
ENR000739,STU00896,CRS002,56
ENR000740,STU00111,CRS015,48
ENR000741,STU00846,CRS002,102
ENR000742,STU00251,CRS017,58
ENR000743,STU00405,CRS002,61
ENR000744,STU00396,CRS017,87
ENR000745,STU00645,CRS002,14
ENR000746,STU00298,CRS015,40
ENR000747,STU00905,CRS010,89
ENR000748,STU00847,CRS010,49
ENR000749,STU00170,CRS014,27
ENR000750,STU00627,CRS002,78
ENR000751,STU00529,CRS005,49
ENR000752,STU00849,CRS015,1
ENR000753,STU00739,CRS017,4
ENR000754,STU00184,CRS019,110
ENR000755,STU00915,CRS018,7
ENR000756,STU00402,CRS014,31
ENR000757,STU00461,CRS001,12
ENR000758,STU00464,CRS019,104
ENR000759,STU00729,CRS007,102
ENR000760,STU00465,CRS003,22
ENR000761,STU00331,CRS006,81
ENR000762,STU00750,CRS004,1
ENR000763,STU00116,CRS015,71
ENR000764,STU00371,CRS003,57
ENR000765,STU00724,CRS013,83
ENR000766,STU00810,CRS017,68
ENR000767,STU00972,CRS006,38
ENR000768,STU00563,CRS013,-5
ENR000769,STU00786,CRS006,106
ENR000770,STU00343,CRS019,101
ENR000771,STU00675,CRS005,10
ENR000772,STU00889,CRS005,12
ENR000773,STU00787,CRS002,43
ENR000774,STU00315,CRS010,83
ENR000775,STU00787,CRS015,26
ENR000776,STU00641,CRS006,5
ENR000777,STU00920,CRS005,15
ENR000778,STU00003,CRS020,87
ENR000779,STU00259,CRS001,48
ENR000780,STU00509,CRS016,59
ENR000781,STU00826,CRS001,67
ENR000782,STU00903,CRS016,20
ENR000783,STU00222,CRS019,74
ENR000784,STU00487,CRS015,42
ENR000785,STU00452,CRS003,66
ENR000786,STU00614,CRS001,21
ENR000787,STU00903,CRS018,25
ENR000788,STU00634,CRS018,94
ENR000789,STU00845,CRS007,-4
ENR000790,STU00189,CRS005,-3
ENR000791,STU00668,CRS012,-6
ENR000792,STU00148,CRS002,75
ENR000793,STU00591,CRS020,28
ENR000794,STU00339,CRS003,-4
ENR000795,STU00111,CRS014,12
ENR000796,STU00165,CRS010,68
ENR000797,STU00676,CRS020,63
ENR000798,STU00806,CRS018,12
ENR000799,STU00989,CRS015,85
ENR000800,STU00592,CRS012,109
ENR000801,STU00036,CRS003,88
ENR000802,STU00306,CRS011,37
ENR000803,STU00919,CRS013,94
ENR000804,STU00069,CRS014,97
ENR000805,STU00563,CRS003,27
ENR000806,STU00482,CRS005,5
ENR000807,STU00711,CRS009,32
ENR000808,STU00539,CRS014,57
ENR000809,STU00214,CRS007,68
ENR000810,STU00059,CRS004,63
ENR000811,STU00747,CRS017,1
ENR000812,STU00495,CRS020,109
ENR000813,STU00807,CRS010,44
ENR000814,STU00623,CRS011,23
ENR000815,STU00538,CRS019,69
ENR000816,STU00362,CRS005,68
ENR000817,STU00576,CRS016,56
ENR000818,STU00746,CRS016,53
ENR000819,STU00827,CRS006,103
ENR000820,STU00624,CRS008,80
ENR000821,STU00297,CRS007,-10
ENR000822,STU00121,CRS001,49
ENR000823,STU00640,CRS004,84
ENR000824,STU00868,CRS007,92
ENR000825,STU00630,CRS014,42
ENR000826,STU00046,CRS011,34
ENR000827,STU00573,CRS007,-9
ENR000828,STU00655,CRS007,78
ENR000829,STU00288,CRS009,91
ENR000830,STU00069,CRS010,28
ENR000831,STU00518,CRS018,31
ENR000832,STU00785,CRS001,4
ENR000833,STU00702,CRS011,33
ENR000834,STU00405,CRS019,68
ENR000835,STU00983,CRS001,96
ENR000836,STU00179,CRS007,32
ENR000837,STU00853,CRS011,108
ENR000838,STU00688,CRS016,107
ENR000839,STU00485,CRS002,72
ENR000840,STU00139,CRS016,9
ENR000841,STU00642,CRS015,104
ENR000842,STU00885,CRS018,104
ENR000843,STU00343,CRS015,90
ENR000844,STU00833,CRS014,108
ENR000845,STU00760,CRS002,96
ENR000846,STU00533,CRS010,62
ENR000847,STU00742,CRS011,61
ENR000848,STU00548,CRS001,16
ENR000849,STU00591,CRS011,92
ENR000850,STU00938,CRS012,-2
ENR000851,STU00992,CRS005,25
ENR000852,STU00860,CRS001,33
ENR000853,STU00384,CRS018,97
ENR000854,STU00169,CRS019,67
ENR000855,STU00398,CRS006,66
ENR000856,STU00119,CRS010,80
ENR000857,STU00878,CRS011,80
ENR000858,STU00032,CRS009,42
ENR000859,STU00088,CRS016,102
ENR000860,STU00243,CRS012,47
ENR000861,STU00849,CRS010,17
ENR000862,STU00537,CRS010,12
ENR000863,STU00114,CRS012,90
ENR000864,STU00038,CRS007,106
ENR000865,STU00094,CRS015,54
ENR000866,STU00025,CRS016,105
ENR000867,STU00512,CRS005,14
ENR000868,STU00348,CRS016,83
ENR000869,STU00894,CRS017,29
ENR000870,STU00794,CRS011,8
ENR000871,STU00787,CRS004,95
ENR000872,STU00960,CRS017,76
ENR000873,STU00135,CRS007,82
ENR000874,STU00037,CRS015,39
ENR000875,STU00730,CRS017,4
ENR000876,STU00004,CRS010,109
ENR000877,STU00045,CRS020,101
ENR000878,STU00089,CRS011,49
ENR000879,STU00910,CRS002,3
ENR000880,STU00533,CRS010,-8
ENR000881,STU00591,CRS010,71
ENR000882,STU00913,CRS007,31
ENR000883,STU00205,CRS007,26
ENR000884,STU00283,CRS018,30
ENR000885,STU00791,CRS015,75
ENR000886,STU00120,CRS009,9
ENR000887,STU00161,CRS009,4
ENR000888,STU00015,CRS020,61
ENR000889,STU00526,CRS004,16
ENR000890,STU00555,CRS012,60
ENR000891,STU00326,CRS009,8
ENR000892,STU00965,CRS010,63
ENR000893,STU00250,CRS006,-1
ENR000894,STU00318,CRS020,104
ENR000895,STU00346,CRS018,46
ENR000896,STU00051,CRS005,-7
ENR000897,STU00482,CRS002,3
ENR000898,STU00392,CRS002,1
ENR000899,STU00436,CRS013,12
ENR000900,STU00721,CRS020,104
ENR000901,STU00606,CRS015,68
ENR000902,STU00364,CRS010,32
ENR000903,STU00837,CRS007,81
ENR000904,STU00776,CRS018,0
ENR000905,STU00997,CRS015,62
ENR000906,STU00134,CRS003,94
ENR000907,STU00821,CRS015,2
ENR000908,STU00466,CRS010,77
ENR000909,STU00659,CRS015,50
ENR000910,STU00237,CRS008,8
ENR000911,STU00881,CRS020,23
ENR000912,STU00934,CRS012,40
ENR000913,STU00187,CRS011,90
ENR000914,STU00881,CRS011,48
ENR000915,STU00499,CRS001,-2
ENR000916,STU00486,CRS004,34
ENR000917,STU00490,CRS015,98
ENR000918,STU00174,CRS010,88
ENR000919,STU00356,CRS020,63
ENR000920,STU00130,CRS017,3
ENR000921,STU00415,CRS004,31
ENR000922,STU00569,CRS003,91
ENR000923,STU00309,CRS018,49
ENR000924,STU00410,CRS019,42
ENR000925,STU00244,CRS020,21
ENR000926,STU00561,CRS006,51
ENR000927,STU00393,CRS003,33
ENR000928,STU00213,CRS019,45
ENR000929,STU00803,CRS014,62
ENR000930,STU00806,CRS011,59
ENR000931,STU00710,CRS008,12
ENR000932,STU00678,CRS003,84
ENR000933,STU00953,CRS019,97
ENR000934,STU00498,CRS004,65
ENR000935,STU00610,CRS015,31
ENR000936,STU00568,CRS004,95
ENR000937,STU00455,CRS006,29
ENR000938,STU00978,CRS013,-2
ENR000939,STU00612,CRS004,77
ENR000940,STU00833,CRS020,88
ENR000941,STU00839,CRS013,31
ENR000942,STU00506,CRS002,1
ENR000943,STU00222,CRS005,103
ENR000944,STU00594,CRS001,86
ENR000945,STU00150,CRS005,47
ENR000946,STU00544,CRS010,39
ENR000947,STU00630,CRS019,47
ENR000948,STU00200,CRS007,77
ENR000949,STU00898,CRS011,28
ENR000950,STU00583,CRS010,107
ENR000951,STU00965,CRS014,81
ENR000952,STU00937,CRS012,1
ENR000953,STU00596,CRS001,68
ENR000954,STU00522,CRS013,98
ENR000955,STU00130,CRS010,-3
ENR000956,STU00378,CRS018,-4
ENR000957,STU00000,CRS018,95
ENR000958,STU00367,CRS004,100
ENR000959,STU00288,CRS001,20
ENR000960,STU00442,CRS019,40
ENR000961,STU00640,CRS011,81
ENR000962,STU00391,CRS013,38
ENR000963,STU00445,CRS018,17
ENR000964,STU00678,CRS006,50
ENR000965,STU00142,CRS007,61
ENR000966,STU00393,CRS012,97
ENR000967,STU00427,CRS005,26
ENR000968,STU00893,CRS005,7
ENR000969,STU00011,CRS003,72
ENR000970,STU00016,CRS005,82
ENR000971,STU00906,CRS016,74
ENR000972,STU00447,CRS005,0
ENR000973,STU00140,CRS014,100
ENR000974,STU00466,CRS020,109
ENR000975,STU00435,CRS020,13
ENR000976,STU00465,CRS017,44
ENR000977,STU00565,CRS015,39
ENR000978,STU00363,CRS008,13
ENR000979,STU00434,CRS020,-10
ENR000980,STU00591,CRS016,98
ENR000981,STU00748,CRS008,81
ENR000982,STU00513,CRS009,42
ENR000983,STU00948,CRS018,63
ENR000984,STU00375,CRS002,-6
ENR000985,STU00581,CRS016,80
ENR000986,STU00377,CRS004,64
ENR000987,STU00493,CRS003,8
ENR000988,STU00747,CRS017,99
ENR000989,STU00768,CRS009,49
ENR000990,STU00529,CRS003,56
ENR000991,STU00911,CRS020,1
ENR000992,STU00251,CRS016,70
ENR000993,STU00759,CRS003,77
ENR000994,STU00648,CRS018,92
ENR000995,STU00593,CRS010,68
ENR000996,STU00054,CRS011,58
ENR000997,STU00797,CRS001,50
ENR000998,STU00464,CRS017,105
ENR000999,STU00480,CRS019,83
ENR001000,STU00339,CRS014,35
ENR001001,STU00983,CRS010,27
ENR001002,STU00171,CRS002,78
ENR001003,STU00945,CRS020,85
ENR001004,STU00311,CRS019,23
ENR001005,STU00062,CRS016,64
ENR001006,STU00173,CRS019,-4
ENR001007,STU00672,CRS010,93
ENR001008,STU00755,CRS020,-7
ENR001009,STU00293,CRS016,0
ENR001010,STU00129,CRS017,-1
ENR001011,STU00871,CRS009,22
ENR001012,STU00135,CRS020,25
ENR001013,STU00281,CRS009,-9
ENR001014,STU00759,CRS004,67
ENR001015,STU00178,CRS019,84
ENR001016,STU00154,CRS015,37
ENR001017,STU00827,CRS006,23
ENR001018,STU00801,CRS008,52
ENR001019,STU00185,CRS017,100
ENR001020,STU00033,CRS011,0
ENR001021,STU00990,CRS005,66
ENR001022,STU00956,CRS005,97
ENR001023,STU00507,CRS014,88
ENR001024,STU00392,CRS008,74
ENR001025,STU00450,CRS006,16
ENR001026,STU00591,CRS012,-4
ENR001027,STU00657,CRS009,86
ENR001028,STU00839,CRS004,-4
ENR001029,STU00171,CRS015,41
ENR001030,STU00487,CRS010,50
ENR001031,STU00764,CRS018,19
ENR001032,STU00388,CRS013,50
ENR001033,STU00268,CRS005,57
ENR001034,STU00891,CRS014,-9
ENR001035,STU00295,CRS015,38
ENR001036,STU00694,CRS011,57
ENR001037,STU00699,CRS002,2
ENR001038,STU00939,CRS018,71
ENR001039,STU00362,CRS014,68
ENR001040,STU00940,CRS009,32
ENR001041,STU00276,CRS009,92
ENR001042,STU00100,CRS009,73
ENR001043,STU00598,CRS013,49
ENR001044,STU00791,CRS008,83
ENR001045,STU00688,CRS019,88
ENR001046,STU00199,CRS017,33
ENR001047,STU00693,CRS006,30
ENR001048,STU00560,CRS001,76
ENR001049,STU00008,CRS003,-9
ENR001050,STU00421,CRS004,57
ENR001051,STU00106,CRS015,34
ENR001052,STU00224,CRS010,22
ENR001053,STU00197,CRS002,-7
ENR001054,STU00634,CRS003,-3
ENR001055,STU00961,CRS020,74
ENR001056,STU00915,CRS007,66
ENR001057,STU00653,CRS004,80
ENR001058,STU00980,CRS004,1
ENR001059,STU00876,CRS020,6
ENR001060,STU00384,CRS019,92
ENR001061,STU00990,CRS006,104
ENR001062,STU00113,CRS006,22
ENR001063,STU00301,CRS015,74
ENR001064,STU00958,CRS003,71
ENR001065,STU00464,CRS009,88
ENR001066,STU00437,CRS011,22
ENR001067,STU00165,CRS003,25
ENR001068,STU00795,CRS002,38
ENR001069,STU00397,CRS011,-3
ENR001070,STU00264,CRS009,12
ENR001071,STU00451,CRS003,52
ENR001072,STU00950,CRS007,68
ENR001073,STU00402,CRS006,72
ENR001074,STU00503,CRS004,8
ENR001075,STU00553,CRS014,17
ENR001076,STU00628,CRS004,106
ENR001077,STU00452,CRS009,3
ENR001078,STU00035,CRS003,-1
ENR001079,STU00585,CRS009,89
ENR001080,STU00456,CRS001,104
ENR001081,STU00509,CRS005,73
ENR001082,STU00655,CRS001,109
ENR001083,STU00038,CRS013,24
ENR001084,STU00155,CRS011,105
ENR001085,STU00400,CRS019,-10
ENR001086,STU00527,CRS016,51
ENR001087,STU00446,CRS013,98
ENR001088,STU00745,CRS003,59
ENR001089,STU00231,CRS001,39
ENR001090,STU00977,CRS016,5
ENR001091,STU00580,CRS018,109
ENR001092,STU00367,CRS011,77
ENR001093,STU00310,CRS013,-3
ENR001094,STU00647,CRS003,36
ENR001095,STU00547,CRS011,0
ENR001096,STU00861,CRS015,87
ENR001097,STU00784,CRS010,72
ENR001098,STU00207,CRS006,60
ENR001099,STU00040,CRS013,74
ENR001100,STU00195,CRS010,79
ENR001101,STU00399,CRS004,70
ENR001102,STU00705,CRS012,52
ENR001103,STU00086,CRS015,84
ENR001104,STU00194,CRS005,-6
ENR001105,STU00197,CRS001,82
ENR001106,STU00607,CRS008,52
ENR001107,STU00398,CRS003,91
ENR001108,STU00553,CRS010,53
ENR001109,STU00546,CRS015,-8
ENR001110,STU00037,CRS011,-3
ENR001111,STU00345,CRS002,41
ENR001112,STU00121,CRS007,93
ENR001113,STU00669,CRS017,48
ENR001114,STU00962,CRS018,9
ENR001115,STU00758,CRS019,19
ENR001116,STU00947,CRS003,-6
ENR001117,STU00753,CRS005,52
ENR001118,STU00669,CRS001,50
ENR001119,STU00928,CRS020,-5
ENR001120,STU00248,CRS005,-9
ENR001121,STU00176,CRS002,105
ENR001122,STU00314,CRS004,48
ENR001123,STU00625,CRS006,96
ENR001124,STU00605,CRS003,94
ENR001125,STU00837,CRS004,4
ENR001126,STU00509,CRS020,92
ENR001127,STU00630,CRS008,-2
ENR001128,STU00823,CRS007,44
ENR001129,STU00345,CRS013,31
ENR001130,STU00123,CRS019,59
ENR001131,STU00140,CRS011,97
ENR001132,STU00987,CRS007,87
ENR001133,STU00046,CRS019,12
ENR001134,STU00343,CRS003,5
ENR001135,STU00280,CRS005,86
ENR001136,STU00425,CRS006,79
ENR001137,STU00378,CRS018,11
ENR001138,STU00449,CRS008,108
ENR001139,STU00595,CRS002,7
ENR001140,STU00102,CRS020,38
ENR001141,STU00796,CRS006,-8
ENR001142,STU00900,CRS016,0
ENR001143,STU00006,CRS001,12
ENR001144,STU00948,CRS003,80
ENR001145,STU00667,CRS019,103
ENR001146,STU00290,CRS014,78
ENR001147,STU00826,CRS016,78
ENR001148,STU00129,CRS007,8
ENR001149,STU00655,CRS009,56
ENR001150,STU00461,CRS014,20
ENR001151,STU00960,CRS006,68
ENR001152,STU00708,CRS002,66
ENR001153,STU00184,CRS016,68
ENR001154,STU00973,CRS003,70
ENR001155,STU00846,CRS010,34
ENR001156,STU00428,CRS001,61
ENR001157,STU00241,CRS007,5
ENR001158,STU00542,CRS004,69
ENR001159,STU00370,CRS018,54
ENR001160,STU00224,CRS015,88
ENR001161,STU00641,CRS007,25
ENR001162,STU00054,CRS007,4
ENR001163,STU00815,CRS005,77
ENR001164,STU00864,CRS016,53
ENR001165,STU00180,CRS006,75
ENR001166,STU00944,CRS002,-4
ENR001167,STU00660,CRS012,26
ENR001168,STU00214,CRS014,22
ENR001169,STU00342,CRS020,93
ENR001170,STU00911,CRS015,-5
ENR001171,STU00106,CRS002,108
ENR001172,STU00550,CRS006,10
ENR001173,STU00804,CRS001,52
ENR001174,STU00527,CRS004,-1
ENR001175,STU00916,CRS008,82
ENR001176,STU00455,CRS019,64
ENR001177,STU00333,CRS014,15
ENR001178,STU00765,CRS011,19
ENR001179,STU00797,CRS004,31
ENR001180,STU00233,CRS004,20
ENR001181,STU00755,CRS014,101
ENR001182,STU00204,CRS013,104
ENR001183,STU00225,CRS003,50
ENR001184,STU00599,CRS016,-4
ENR001185,STU00911,CRS014,8
ENR001186,STU00221,CRS020,48
ENR001187,STU00182,CRS013,37
ENR001188,STU00139,CRS015,82
ENR001189,STU00198,CRS012,24
ENR001190,STU00207,CRS011,6
ENR001191,STU00032,CRS019,-3
ENR001192,STU00287,CRS005,4
ENR001193,STU00872,CRS015,48
ENR001194,STU00428,CRS006,87
ENR001195,STU00351,CRS008,103
ENR001196,STU00302,CRS020,10
ENR001197,STU00808,CRS020,105
ENR001198,STU00174,CRS019,60
ENR001199,STU00875,CRS008,1
ENR001200,STU00421,CRS017,52
ENR001201,STU00882,CRS007,65
ENR001202,STU00484,CRS015,25
ENR001203,STU00014,CRS014,84
ENR001204,STU00893,CRS008,21
ENR001205,STU00335,CRS014,64
ENR001206,STU00227,CRS019,9
ENR001207,STU00935,CRS019,104
ENR001208,STU00004,CRS014,-5
ENR001209,STU00041,CRS016,83
ENR001210,STU00787,CRS017,-6
ENR001211,STU00435,CRS017,40
ENR001212,STU00490,CRS004,47
ENR001213,STU00507,CRS008,0
ENR001214,STU00571,CRS001,78
ENR001215,STU00749,CRS014,17
ENR001216,STU00135,CRS012,27
ENR001217,STU00244,CRS003,-8
ENR001218,STU00491,CRS010,10
ENR001219,STU00720,CRS015,99
ENR001220,STU00584,CRS019,-7
ENR001221,STU00999,CRS015,49
ENR001222,STU00790,CRS005,101
ENR001223,STU00720,CRS013,13
ENR001224,STU00808,CRS012,70
ENR001225,STU00475,CRS001,100
ENR001226,STU00642,CRS003,39
ENR001227,STU00914,CRS011,57
ENR001228,STU00033,CRS010,44
ENR001229,STU00770,CRS009,79
ENR001230,STU00968,CRS020,59
ENR001231,STU00589,CRS007,90
ENR001232,STU00701,CRS003,69
ENR001233,STU00901,CRS011,84
ENR001234,STU00954,CRS002,55
ENR001235,STU00968,CRS012,103
ENR001236,STU00052,CRS004,39
ENR001237,STU00374,CRS015,69
ENR001238,STU00041,CRS012,36
ENR001239,STU00179,CRS018,80
ENR001240,STU00068,CRS018,80
ENR001241,STU00792,CRS007,7
ENR001242,STU00342,CRS008,59
ENR001243,STU00116,CRS016,84
ENR001244,STU00961,CRS019,101
ENR001245,STU00982,CRS007,86
ENR001246,STU00762,CRS008,31
ENR001247,STU00361,CRS009,54
ENR001248,STU00696,CRS014,25
ENR001249,STU00055,CRS003,37
ENR001250,STU00353,CRS015,52
ENR001251,STU00513,CRS017,96
ENR001252,STU00125,CRS016,80
ENR001253,STU00544,CRS018,105
ENR001254,STU00299,CRS015,69
ENR001255,STU00376,CRS003,14
ENR001256,STU00913,CRS015,1
ENR001257,STU00082,CRS013,104
ENR001258,STU00183,CRS010,-1
ENR001259,STU00111,CRS006,25
ENR001260,STU00114,CRS005,53
ENR001261,STU00154,CRS007,56
ENR001262,STU00974,CRS001,27
ENR001263,STU00426,CRS018,109
ENR001264,STU00135,CRS016,34
ENR001265,STU00430,CRS015,84
ENR001266,STU00660,CRS001,27
ENR001267,STU00193,CRS003,-8
ENR001268,STU00892,CRS008,96
ENR001269,STU00970,CRS017,72
ENR001270,STU00343,CRS014,64
ENR001271,STU00351,CRS011,52
ENR001272,STU00607,CRS017,97
ENR001273,STU00561,CRS015,48
ENR001274,STU00311,CRS019,6
ENR001275,STU00919,CRS010,11
ENR001276,STU00808,CRS009,19
ENR001277,STU00495,CRS012,26
ENR001278,STU00788,CRS002,8
ENR001279,STU00361,CRS010,48
ENR001280,STU00979,CRS006,69
ENR001281,STU00946,CRS006,81
ENR001282,STU00548,CRS010,13
ENR001283,STU00996,CRS006,97
ENR001284,STU00725,CRS005,10
ENR001285,STU00243,CRS004,-5
ENR001286,STU00324,CRS019,6
ENR001287,STU00451,CRS009,37
ENR001288,STU00188,CRS007,61
ENR001289,STU00724,CRS002,75
ENR001290,STU00324,CRS012,8
ENR001291,STU00381,CRS015,59
ENR001292,STU00998,CRS006,58
ENR001293,STU00308,CRS004,107
ENR001294,STU00025,CRS013,109
ENR001295,STU00511,CRS005,48
ENR001296,STU00950,CRS011,9
ENR001297,STU00004,CRS018,54
ENR001298,STU00339,CRS010,50
ENR001299,STU00917,CRS010,110
ENR001300,STU00772,CRS019,75
ENR001301,STU00150,CRS019,83
ENR001302,STU00928,CRS015,33
ENR001303,STU00705,CRS004,83
ENR001304,STU00490,CRS002,7
ENR001305,STU00694,CRS018,4
ENR001306,STU00315,CRS001,41
ENR001307,STU00632,CRS008,47
ENR001308,STU00365,CRS003,31
ENR001309,STU00056,CRS020,72
ENR001310,STU00199,CRS019,57
ENR001311,STU00227,CRS009,15
ENR001312,STU00023,CRS003,58
ENR001313,STU00869,CRS015,76
ENR001314,STU00687,CRS003,55
ENR001315,STU00403,CRS007,52
ENR001316,STU00325,CRS020,67
ENR001317,STU00523,CRS002,106
ENR001318,STU00682,CRS012,40
ENR001319,STU00151,CRS014,37
ENR001320,STU00395,CRS012,-9
ENR001321,STU00291,CRS012,34
ENR001322,STU00315,CRS015,101
ENR001323,STU00574,CRS003,17
ENR001324,STU00745,CRS015,84
ENR001325,STU00425,CRS015,26
ENR001326,STU00167,CRS014,83
ENR001327,STU00917,CRS014,7
ENR001328,STU00855,CRS019,66
ENR001329,STU00088,CRS005,16
ENR001330,STU00310,CRS016,101
ENR001331,STU00537,CRS011,-2
ENR001332,STU00955,CRS019,86
ENR001333,STU00384,CRS003,-10
ENR001334,STU00419,CRS009,43
ENR001335,STU00179,CRS018,49
ENR001336,STU00727,CRS019,86
ENR001337,STU00936,CRS005,15
ENR001338,STU00190,CRS013,27
ENR001339,STU00567,CRS016,-5
ENR001340,STU00842,CRS010,96
ENR001341,STU00599,CRS010,53
ENR001342,STU00572,CRS015,18
ENR001343,STU00027,CRS001,9
ENR001344,STU00268,CRS010,71
ENR001345,STU00854,CRS016,5
ENR001346,STU00669,CRS010,43
ENR001347,STU00183,CRS016,106
ENR001348,STU00704,CRS008,-7
ENR001349,STU00122,CRS009,53
ENR001350,STU00993,CRS003,66
ENR001351,STU00763,CRS012,64
ENR001352,STU00492,CRS019,45
ENR001353,STU00889,CRS009,70
ENR001354,STU00702,CRS016,78
ENR001355,STU00837,CRS004,37
ENR001356,STU00524,CRS019,-8
ENR001357,STU00865,CRS009,10
ENR001358,STU00595,CRS002,8
ENR001359,STU00327,CRS015,102
ENR001360,STU00709,CRS005,35
ENR001361,STU00167,CRS002,24
ENR001362,STU00369,CRS014,71
ENR001363,STU00933,CRS012,-4
ENR001364,STU00296,CRS010,57
ENR001365,STU00654,CRS003,55
ENR001366,STU00198,CRS006,87
ENR001367,STU00096,CRS020,86
ENR001368,STU00171,CRS018,31
ENR001369,STU00893,CRS011,95
ENR001370,STU00865,CRS010,24
ENR001371,STU00701,CRS012,2
ENR001372,STU00547,CRS019,35
ENR001373,STU00843,CRS005,-9
ENR001374,STU00140,CRS017,26
ENR001375,STU00381,CRS016,42
ENR001376,STU00348,CRS006,3
ENR001377,STU00223,CRS005,54
ENR001378,STU00226,CRS007,91
ENR001379,STU00918,CRS018,68
ENR001380,STU00706,CRS017,98
ENR001381,STU00544,CRS018,79
ENR001382,STU00774,CRS004,43
ENR001383,STU00471,CRS003,4
ENR001384,STU00838,CRS005,108
ENR001385,STU00017,CRS016,34
ENR001386,STU00319,CRS012,7
ENR001387,STU00836,CRS015,103
ENR001388,STU00611,CRS017,87
ENR001389,STU00993,CRS011,12
ENR001390,STU00726,CRS010,-7
ENR001391,STU00762,CRS004,18
ENR001392,STU00131,CRS005,78
ENR001393,STU00232,CRS010,6
ENR001394,STU00214,CRS005,0
ENR001395,STU00435,CRS004,-1
ENR001396,STU00019,CRS016,86
ENR001397,STU00441,CRS002,15
ENR001398,STU00110,CRS002,91
ENR001399,STU00675,CRS017,65
ENR001400,STU00060,CRS016,5
ENR001401,STU00930,CRS009,-5
ENR001402,STU00067,CRS010,75
ENR001403,STU00010,CRS004,90
ENR001404,STU00126,CRS020,16
ENR001405,STU00601,CRS007,13
ENR001406,STU00686,CRS012,-7
ENR001407,STU00092,CRS005,98
ENR001408,STU00764,CRS009,64
ENR001409,STU00356,CRS012,10
ENR001410,STU00875,CRS017,89
ENR001411,STU00746,CRS020,20
ENR001412,STU00517,CRS019,-2
ENR001413,STU00101,CRS019,87
ENR001414,STU00014,CRS017,17
ENR001415,STU00732,CRS007,26
ENR001416,STU00175,CRS018,-10
ENR001417,STU00996,CRS004,108
ENR001418,STU00219,CRS017,98
ENR001419,STU00724,CRS016,36
ENR001420,STU00714,CRS019,13
ENR001421,STU00450,CRS004,13
ENR001422,STU00854,CRS012,38
ENR001423,STU00434,CRS007,55
ENR001424,STU00233,CRS014,4
ENR001425,STU00779,CRS011,5
ENR001426,STU00477,CRS004,56
ENR001427,STU00139,CRS016,87
ENR001428,STU00369,CRS010,61
ENR001429,STU00739,CRS002,0
ENR001430,STU00335,CRS016,4
ENR001431,STU00394,CRS010,48
ENR001432,STU00614,CRS010,77
ENR001433,STU00999,CRS015,18
ENR001434,STU00567,CRS014,27
ENR001435,STU00875,CRS014,14
ENR001436,STU00877,CRS003,104
ENR001437,STU00861,CRS016,110
ENR001438,STU00695,CRS012,12
ENR001439,STU00013,CRS016,76
ENR001440,STU00107,CRS013,46
ENR001441,STU00535,CRS003,5
ENR001442,STU00146,CRS013,41
ENR001443,STU00711,CRS019,3
ENR001444,STU00759,CRS006,-2
ENR001445,STU00372,CRS007,33
ENR001446,STU00205,CRS020,98
ENR001447,STU00413,CRS004,19
ENR001448,STU00858,CRS014,82
ENR001449,STU00511,CRS009,87
ENR001450,STU00730,CRS019,65
ENR001451,STU00279,CRS013,35
ENR001452,STU00487,CRS020,41
ENR001453,STU00496,CRS017,25
ENR001454,STU00150,CRS015,3
ENR001455,STU00125,CRS009,52
ENR001456,STU00509,CRS008,70
ENR001457,STU00965,CRS005,-7
ENR001458,STU00101,CRS002,96
ENR001459,STU00069,CRS016,76
ENR001460,STU00027,CRS006,38
ENR001461,STU00619,CRS011,9
ENR001462,STU00310,CRS020,69
ENR001463,STU00098,CRS003,74
ENR001464,STU00769,CRS017,88
ENR001465,STU00504,CRS015,15
ENR001466,STU00300,CRS016,52
ENR001467,STU00516,CRS009,59
ENR001468,STU00351,CRS018,59
ENR001469,STU00018,CRS002,45
ENR001470,STU00901,CRS004,39
ENR001471,STU00460,CRS011,99
ENR001472,STU00385,CRS015,48
ENR001473,STU00036,CRS002,12
ENR001474,STU00570,CRS010,103
ENR001475,STU00723,CRS006,52
ENR001476,STU00441,CRS005,29
ENR001477,STU00732,CRS013,52
ENR001478,STU00782,CRS004,62
ENR001479,STU00691,CRS016,74
ENR001480,STU00567,CRS018,63
ENR001481,STU00481,CRS016,61
ENR001482,STU00874,CRS006,54
ENR001483,STU00057,CRS013,23
ENR001484,STU00506,CRS019,38
ENR001485,STU00631,CRS012,88
ENR001486,STU00291,CRS011,-3
ENR001487,STU00028,CRS019,-5
ENR001488,STU00131,CRS012,34
ENR001489,STU00828,CRS019,-7
ENR001490,STU00783,CRS011,38
ENR001491,STU00099,CRS014,34
ENR001492,STU00365,CRS014,34
ENR001493,STU00057,CRS008,21
ENR001494,STU00240,CRS010,65
ENR001495,STU00086,CRS003,101
ENR001496,STU00312,CRS004,33
ENR001497,STU00173,CRS001,58
ENR001498,STU00333,CRS002,48
ENR001499,STU00673,CRS014,62
ENR001500,STU00527,CRS014,24
ENR001501,STU00020,CRS016,65
ENR001502,STU00022,CRS011,38
ENR001503,STU00584,CRS013,31
ENR001504,STU00586,CRS004,93
ENR001505,STU00500,CRS004,78
ENR001506,STU00691,CRS007,33
ENR001507,STU00508,CRS017,93
ENR001508,STU00783,CRS011,11
ENR001509,STU00629,CRS010,36
ENR001510,STU00992,CRS014,15
ENR001511,STU00508,CRS003,97
ENR001512,STU00870,CRS018,17
ENR001513,STU00294,CRS009,-4
ENR001514,STU00304,CRS019,41
ENR001515,STU00823,CRS008,69
ENR001516,STU00760,CRS003,81
ENR001517,STU00864,CRS019,2
ENR001518,STU00606,CRS011,24
ENR001519,STU00068,CRS019,92
ENR001520,STU00543,CRS016,44
ENR001521,STU00214,CRS012,91
ENR001522,STU00078,CRS010,54
ENR001523,STU00823,CRS010,45
ENR001524,STU00679,CRS018,30
ENR001525,STU00204,CRS014,41
ENR001526,STU00257,CRS020,55
ENR001527,STU00464,CRS018,13
ENR001528,STU00902,CRS001,70
ENR001529,STU00720,CRS017,100
ENR001530,STU00191,CRS019,53
ENR001531,STU00218,CRS015,24
ENR001532,STU00959,CRS018,93
ENR001533,STU00629,CRS014,109
ENR001534,STU00579,CRS002,56
ENR001535,STU00205,CRS012,49
ENR001536,STU00151,CRS008,9
ENR001537,STU00764,CRS010,98
ENR001538,STU00445,CRS014,30
ENR001539,STU00880,CRS003,71
ENR001540,STU00208,CRS014,24
ENR001541,STU00843,CRS010,72
ENR001542,STU00164,CRS009,77
ENR001543,STU00615,CRS008,41
ENR001544,STU00244,CRS004,9
ENR001545,STU00196,CRS001,21
ENR001546,STU00816,CRS010,49
ENR001547,STU00497,CRS018,45
ENR001548,STU00432,CRS002,15
ENR001549,STU00163,CRS009,7
ENR001550,STU00029,CRS009,91
ENR001551,STU00822,CRS009,74
ENR001552,STU00563,CRS006,72
ENR001553,STU00872,CRS002,82
ENR001554,STU00497,CRS001,-3
ENR001555,STU00880,CRS003,30
ENR001556,STU00616,CRS010,100
ENR001557,STU00065,CRS014,104
ENR001558,STU00372,CRS003,40
ENR001559,STU00965,CRS005,20
ENR001560,STU00114,CRS019,84
ENR001561,STU00512,CRS004,56
ENR001562,STU00680,CRS019,89
ENR001563,STU00953,CRS017,22
ENR001564,STU00508,CRS003,20
ENR001565,STU00614,CRS004,88
ENR001566,STU00826,CRS011,32
ENR001567,STU00852,CRS019,84
ENR001568,STU00399,CRS008,109
ENR001569,STU00433,CRS007,8
ENR001570,STU00109,CRS006,17
ENR001571,STU00993,CRS009,46
ENR001572,STU00418,CRS009,100
ENR001573,STU00603,CRS002,52
ENR001574,STU00546,CRS012,79
ENR001575,STU00971,CRS004,30
ENR001576,STU00558,CRS014,50
ENR001577,STU00699,CRS008,25
ENR001578,STU00900,CRS005,36
ENR001579,STU00486,CRS012,95
ENR001580,STU00315,CRS001,72
ENR001581,STU00990,CRS020,-6
ENR001582,STU00861,CRS002,78
ENR001583,STU00939,CRS008,22
ENR001584,STU00565,CRS013,29
ENR001585,STU00654,CRS012,105
ENR001586,STU00831,CRS004,58
ENR001587,STU00887,CRS008,99
ENR001588,STU00453,CRS013,-9
ENR001589,STU00931,CRS013,108
ENR001590,STU00939,CRS009,28
ENR001591,STU00092,CRS008,28
ENR001592,STU00215,CRS006,107
ENR001593,STU00449,CRS011,102
ENR001594,STU00831,CRS014,91
ENR001595,STU00034,CRS009,100
ENR001596,STU00082,CRS016,50
ENR001597,STU00754,CRS014,108
ENR001598,STU00861,CRS011,81
ENR001599,STU00432,CRS004,95
ENR001600,STU00164,CRS009,54
ENR001601,STU00067,CRS012,43
ENR001602,STU00616,CRS018,84
ENR001603,STU00334,CRS015,78
ENR001604,STU00028,CRS002,72
ENR001605,STU00656,CRS006,70
ENR001606,STU00454,CRS005,-10
ENR001607,STU00410,CRS007,70
ENR001608,STU00312,CRS011,63
ENR001609,STU00084,CRS004,10
ENR001610,STU00255,CRS017,81
ENR001611,STU00992,CRS005,98
ENR001612,STU00608,CRS014,91
ENR001613,STU00961,CRS011,47
ENR001614,STU00489,CRS005,23
ENR001615,STU00177,CRS019,95
ENR001616,STU00335,CRS010,15
ENR001617,STU00086,CRS014,37
ENR001618,STU00186,CRS013,102
ENR001619,STU00386,CRS019,18
ENR001620,STU00021,CRS001,108
ENR001621,STU00571,CRS020,70
ENR001622,STU00234,CRS003,49
ENR001623,STU00203,CRS009,79
ENR001624,STU00872,CRS006,-4
ENR001625,STU00410,CRS020,44
ENR001626,STU00614,CRS009,9
ENR001627,STU00091,CRS012,11
ENR001628,STU00969,CRS019,5
ENR001629,STU00014,CRS017,45
ENR001630,STU00791,CRS015,95
ENR001631,STU00689,CRS016,5
ENR001632,STU00229,CRS007,14
ENR001633,STU00968,CRS009,26
ENR001634,STU00764,CRS016,38
ENR001635,STU00133,CRS014,99
ENR001636,STU00211,CRS020,17
ENR001637,STU00843,CRS010,83
ENR001638,STU00693,CRS007,43
ENR001639,STU00184,CRS014,91
ENR001640,STU00149,CRS001,27
ENR001641,STU00999,CRS009,20
ENR001642,STU00632,CRS015,106
ENR001643,STU00254,CRS012,64
ENR001644,STU00700,CRS015,0
ENR001645,STU00010,CRS016,7
ENR001646,STU00892,CRS011,78
ENR001647,STU00407,CRS007,81
ENR001648,STU00392,CRS014,84
ENR001649,STU00611,CRS009,-1
ENR001650,STU00097,CRS018,-3
ENR001651,STU00053,CRS011,109
ENR001652,STU00240,CRS016,106
ENR001653,STU00362,CRS020,110
ENR001654,STU00686,CRS020,80
ENR001655,STU00766,CRS002,-10
ENR001656,STU00259,CRS017,69
ENR001657,STU00390,CRS010,40
ENR001658,STU00687,CRS012,6
ENR001659,STU00991,CRS018,-5
ENR001660,STU00594,CRS006,23
ENR001661,STU00173,CRS017,53
ENR001662,STU00952,CRS011,102
ENR001663,STU00479,CRS005,1
ENR001664,STU00324,CRS017,45
ENR001665,STU00145,CRS009,4
ENR001666,STU00320,CRS002,6
ENR001667,STU00511,CRS009,85
ENR001668,STU00369,CRS014,26
ENR001669,STU00924,CRS009,68
ENR001670,STU00849,CRS009,56
ENR001671,STU00320,CRS014,104
ENR001672,STU00168,CRS011,84
ENR001673,STU00503,CRS005,61
ENR001674,STU00873,CRS015,-4
ENR001675,STU00193,CRS005,-4
ENR001676,STU00235,CRS006,-6
ENR001677,STU00481,CRS009,10
ENR001678,STU00722,CRS015,45
ENR001679,STU00118,CRS016,-5
ENR001680,STU00452,CRS012,80
ENR001681,STU00574,CRS016,48
ENR001682,STU00504,CRS004,98
ENR001683,STU00737,CRS005,5
ENR001684,STU00357,CRS003,16
ENR001685,STU00889,CRS010,13
ENR001686,STU00854,CRS006,85
ENR001687,STU00520,CRS009,62
ENR001688,STU00912,CRS019,17
ENR001689,STU00597,CRS001,57
ENR001690,STU00785,CRS019,13
ENR001691,STU00426,CRS003,21
ENR001692,STU00786,CRS016,76
ENR001693,STU00096,CRS011,-7
ENR001694,STU00291,CRS004,40
ENR001695,STU00382,CRS019,108
ENR001696,STU00974,CRS004,97
ENR001697,STU00331,CRS005,-7
ENR001698,STU00083,CRS015,96
ENR001699,STU00724,CRS016,48
ENR001700,STU00643,CRS009,66
ENR001701,STU00673,CRS001,32
ENR001702,STU00993,CRS002,73
ENR001703,STU00637,CRS015,31
ENR001704,STU00970,CRS019,6
ENR001705,STU00216,CRS002,92
ENR001706,STU00659,CRS010,31
ENR001707,STU00817,CRS002,85
ENR001708,STU00072,CRS018,67
ENR001709,STU00390,CRS003,41
ENR001710,STU00261,CRS006,20
ENR001711,STU00988,CRS013,1
ENR001712,STU00021,CRS007,10
ENR001713,STU00397,CRS013,26
ENR001714,STU00662,CRS005,5
ENR001715,STU00305,CRS016,92
ENR001716,STU00442,CRS010,105
ENR001717,STU00701,CRS020,6
ENR001718,STU00367,CRS004,96
ENR001719,STU00376,CRS017,15
ENR001720,STU00501,CRS015,103
ENR001721,STU00397,CRS016,24
ENR001722,STU00576,CRS020,44
ENR001723,STU00092,CRS014,93
ENR001724,STU00377,CRS020,13
ENR001725,STU00444,CRS014,1
ENR001726,STU00041,CRS017,33
ENR001727,STU00996,CRS015,76
ENR001728,STU00229,CRS005,109
ENR001729,STU00507,CRS017,70
ENR001730,STU00662,CRS017,0
ENR001731,STU00297,CRS015,45
ENR001732,STU00081,CRS016,28
ENR001733,STU00152,CRS005,77
ENR001734,STU00924,CRS010,97
ENR001735,STU00254,CRS017,44
ENR001736,STU00302,CRS019,-4
ENR001737,STU00564,CRS003,107
ENR001738,STU00046,CRS017,3
ENR001739,STU00522,CRS014,42
ENR001740,STU00096,CRS015,74
ENR001741,STU00737,CRS019,94
ENR001742,STU00259,CRS012,22
ENR001743,STU00599,CRS003,88
ENR001744,STU00515,CRS001,4
ENR001745,STU00758,CRS015,12
ENR001746,STU00805,CRS006,97
ENR001747,STU00402,CRS002,0
ENR001748,STU00426,CRS010,30
ENR001749,STU00601,CRS015,86
ENR001750,STU00686,CRS015,69
ENR001751,STU00827,CRS009,33
ENR001752,STU00989,CRS006,17
ENR001753,STU00189,CRS003,85
ENR001754,STU00618,CRS009,101
ENR001755,STU00689,CRS004,45
ENR001756,STU00547,CRS001,-10
ENR001757,STU00404,CRS004,-9
ENR001758,STU00175,CRS016,48
ENR001759,STU00708,CRS013,101
ENR001760,STU00673,CRS020,82
ENR001761,STU00498,CRS010,69
ENR001762,STU00832,CRS020,36
ENR001763,STU00707,CRS013,92
ENR001764,STU00309,CRS003,6
ENR001765,STU00138,CRS001,14
ENR001766,STU00114,CRS001,79
ENR001767,STU00993,CRS007,99
ENR001768,STU00027,CRS007,51
ENR001769,STU00664,CRS005,73
ENR001770,STU00247,CRS014,97
ENR001771,STU00641,CRS018,14
ENR001772,STU00088,CRS010,88
ENR001773,STU00474,CRS005,50
ENR001774,STU00432,CRS001,4
ENR001775,STU00170,CRS005,84
ENR001776,STU00719,CRS015,52
ENR001777,STU00482,CRS001,100
ENR001778,STU00460,CRS019,21
ENR001779,STU00206,CRS010,62
ENR001780,STU00849,CRS013,-4
ENR001781,STU00341,CRS001,3
ENR001782,STU00645,CRS014,43
ENR001783,STU00868,CRS016,84
ENR001784,STU00592,CRS020,83
ENR001785,STU00567,CRS010,-6
ENR001786,STU00499,CRS013,52
ENR001787,STU00525,CRS019,82
ENR001788,STU00626,CRS016,19
ENR001789,STU00731,CRS002,57
ENR001790,STU00019,CRS014,63
ENR001791,STU00323,CRS018,-2
ENR001792,STU00274,CRS014,103
ENR001793,STU00484,CRS004,53
ENR001794,STU00637,CRS012,47
ENR001795,STU00714,CRS014,-8
ENR001796,STU00165,CRS010,82
ENR001797,STU00196,CRS016,34
ENR001798,STU00448,CRS008,54
ENR001799,STU00224,CRS019,106
ENR001800,STU00701,CRS011,107
ENR001801,STU00616,CRS015,6
ENR001802,STU00904,CRS010,82
ENR001803,STU00728,CRS013,43
ENR001804,STU00853,CRS012,91
ENR001805,STU00483,CRS006,69
ENR001806,STU00212,CRS010,78
ENR001807,STU00767,CRS003,75
ENR001808,STU00494,CRS005,12
ENR001809,STU00204,CRS006,67
ENR001810,STU00503,CRS004,91
ENR001811,STU00425,CRS016,28
ENR001812,STU00240,CRS007,61
ENR001813,STU00048,CRS001,35
ENR001814,STU00902,CRS009,35
ENR001815,STU00693,CRS006,12
ENR001816,STU00847,CRS017,-6
ENR001817,STU00826,CRS003,33
ENR001818,STU00440,CRS004,69
ENR001819,STU00232,CRS004,61
ENR001820,STU00229,CRS016,23
ENR001821,STU00348,CRS012,88
ENR001822,STU00047,CRS018,24
ENR001823,STU00917,CRS005,99
ENR001824,STU00706,CRS017,67
ENR001825,STU00685,CRS004,80
ENR001826,STU00051,CRS015,92
ENR001827,STU00468,CRS004,3
ENR001828,STU00800,CRS020,68
ENR001829,STU00800,CRS004,95
ENR001830,STU00575,CRS002,54
ENR001831,STU00107,CRS006,70
ENR001832,STU00120,CRS007,106
ENR001833,STU00370,CRS006,83
ENR001834,STU00299,CRS015,87
ENR001835,STU00518,CRS016,83
ENR001836,STU00891,CRS004,9
ENR001837,STU00662,CRS012,32
ENR001838,STU00838,CRS005,5
ENR001839,STU00868,CRS007,46
ENR001840,STU00992,CRS014,88
ENR001841,STU00787,CRS001,21
ENR001842,STU00854,CRS016,33
ENR001843,STU00293,CRS017,11
ENR001844,STU00087,CRS009,37
ENR001845,STU00732,CRS014,36
ENR001846,STU00644,CRS008,9
ENR001847,STU00771,CRS017,43
ENR001848,STU00806,CRS008,7
ENR001849,STU00821,CRS014,42
ENR001850,STU00940,CRS014,104
ENR001851,STU00469,CRS017,91
ENR001852,STU00698,CRS012,110
ENR001853,STU00030,CRS015,8
ENR001854,STU00788,CRS001,81
ENR001855,STU00825,CRS017,110
ENR001856,STU00071,CRS003,33
ENR001857,STU00322,CRS013,88
ENR001858,STU00168,CRS014,-3
ENR001859,STU00402,CRS002,74
ENR001860,STU00944,CRS005,105
ENR001861,STU00588,CRS002,70
ENR001862,STU00730,CRS017,27
ENR001863,STU00429,CRS013,103
ENR001864,STU00697,CRS018,101
ENR001865,STU00311,CRS011,106
ENR001866,STU00352,CRS001,95
ENR001867,STU00286,CRS017,68
ENR001868,STU00942,CRS005,79
ENR001869,STU00413,CRS015,72
ENR001870,STU00210,CRS018,69
ENR001871,STU00807,CRS020,73
ENR001872,STU00452,CRS012,103
ENR001873,STU00831,CRS013,89
ENR001874,STU00202,CRS010,0
ENR001875,STU00037,CRS018,32
ENR001876,STU00399,CRS005,56
ENR001877,STU00553,CRS010,17
ENR001878,STU00095,CRS017,60
ENR001879,STU00319,CRS017,33
ENR001880,STU00775,CRS006,-8
ENR001881,STU00028,CRS018,65
ENR001882,STU00264,CRS008,96
ENR001883,STU00792,CRS010,82
ENR001884,STU00432,CRS017,4
ENR001885,STU00749,CRS002,97
ENR001886,STU00381,CRS009,70
ENR001887,STU00519,CRS012,5
ENR001888,STU00048,CRS004,47
ENR001889,STU00305,CRS019,84
ENR001890,STU00004,CRS015,33
ENR001891,STU00241,CRS019,62
ENR001892,STU00731,CRS018,98
ENR001893,STU00609,CRS008,34
ENR001894,STU00306,CRS010,75
ENR001895,STU00803,CRS019,76
ENR001896,STU00143,CRS013,56
ENR001897,STU00755,CRS008,3
ENR001898,STU00335,CRS017,64
ENR001899,STU00197,CRS012,48
ENR001900,STU00100,CRS005,81
ENR001901,STU00435,CRS014,0
ENR001902,STU00094,CRS002,44
ENR001903,STU00909,CRS005,50
ENR001904,STU00219,CRS015,-1
ENR001905,STU00378,CRS017,41
ENR001906,STU00602,CRS018,56
ENR001907,STU00797,CRS013,101
ENR001908,STU00270,CRS019,53
ENR001909,STU00651,CRS014,46
ENR001910,STU00705,CRS016,83
ENR001911,STU00996,CRS014,95
ENR001912,STU00166,CRS005,54
ENR001913,STU00130,CRS016,81
ENR001914,STU00468,CRS005,80
ENR001915,STU00525,CRS017,5
ENR001916,STU00711,CRS007,48
ENR001917,STU00484,CRS002,85
ENR001918,STU00160,CRS018,37
ENR001919,STU00943,CRS004,67
ENR001920,STU00872,CRS014,4
ENR001921,STU00123,CRS012,63
ENR001922,STU00296,CRS002,56
ENR001923,STU00156,CRS004,37
ENR001924,STU00312,CRS012,28
ENR001925,STU00301,CRS016,-7
ENR001926,STU00810,CRS005,8
ENR001927,STU00802,CRS019,43
ENR001928,STU00049,CRS010,103
ENR001929,STU00290,CRS007,13
ENR001930,STU00838,CRS016,-10
ENR001931,STU00125,CRS018,34
ENR001932,STU00069,CRS002,43
ENR001933,STU00492,CRS019,29
ENR001934,STU00579,CRS015,105
ENR001935,STU00345,CRS013,50
ENR001936,STU00854,CRS020,6
ENR001937,STU00780,CRS005,54
ENR001938,STU00651,CRS015,87
ENR001939,STU00460,CRS015,9
ENR001940,STU00887,CRS011,1
ENR001941,STU00819,CRS020,75
ENR001942,STU00638,CRS014,39
ENR001943,STU00238,CRS013,33
ENR001944,STU00553,CRS002,75
ENR001945,STU00911,CRS015,84
ENR001946,STU00284,CRS003,100
ENR001947,STU00169,CRS001,63
ENR001948,STU00645,CRS010,61
ENR001949,STU00660,CRS004,72
ENR001950,STU00572,CRS003,14
ENR001951,STU00978,CRS020,59
ENR001952,STU00590,CRS002,62
ENR001953,STU00534,CRS007,86
ENR001954,STU00487,CRS017,104
ENR001955,STU00019,CRS004,74
ENR001956,STU00958,CRS018,13
ENR001957,STU00985,CRS001,25
ENR001958,STU00805,CRS007,21
ENR001959,STU00849,CRS019,46
ENR001960,STU00086,CRS018,67
ENR001961,STU00328,CRS013,65
ENR001962,STU00046,CRS016,100
ENR001963,STU00956,CRS001,33
ENR001964,STU00447,CRS006,43
ENR001965,STU00024,CRS017,30
ENR001966,STU00391,CRS009,1
ENR001967,STU00117,CRS004,59
ENR001968,STU00172,CRS010,8
ENR001969,STU00187,CRS009,88
ENR001970,STU00091,CRS005,29
ENR001971,STU00975,CRS014,76
ENR001972,STU00173,CRS002,68
ENR001973,STU00984,CRS011,13
ENR001974,STU00027,CRS002,28
ENR001975,STU00399,CRS004,30
ENR001976,STU00145,CRS014,104
ENR001977,STU00331,CRS009,38
ENR001978,STU00964,CRS004,-4
ENR001979,STU00207,CRS008,86
ENR001980,STU00611,CRS019,20
ENR001981,STU00504,CRS017,86
ENR001982,STU00516,CRS013,4
ENR001983,STU00275,CRS002,30
ENR001984,STU00475,CRS018,42
ENR001985,STU00067,CRS016,-7
ENR001986,STU00417,CRS008,106
ENR001987,STU00907,CRS001,24
ENR001988,STU00567,CRS019,76
ENR001989,STU00103,CRS008,87
ENR001990,STU00568,CRS005,28
ENR001991,STU00581,CRS014,47
ENR001992,STU00085,CRS017,16
ENR001993,STU00801,CRS005,37
ENR001994,STU00553,CRS006,90
ENR001995,STU00251,CRS018,44
ENR001996,STU00984,CRS018,47
ENR001997,STU00042,CRS001,94
ENR001998,STU00475,CRS020,27
ENR001999,STU00668,CRS006,-10
ENR002000,STU00061,CRS016,24
ENR002001,STU00612,CRS009,97
ENR002002,STU00696,CRS013,34
ENR002003,STU00862,CRS007,64
ENR002004,STU00860,CRS017,26
ENR002005,STU00046,CRS006,84
ENR002006,STU00546,CRS019,-2
ENR002007,STU00307,CRS003,40
ENR002008,STU00715,CRS004,96
ENR002009,STU00143,CRS018,25
ENR002010,STU00899,CRS014,16
ENR002011,STU00625,CRS017,92
ENR002012,STU00325,CRS011,71
ENR002013,STU00267,CRS015,24
ENR002014,STU00251,CRS011,33
ENR002015,STU00215,CRS015,66
ENR002016,STU00336,CRS001,106
ENR002017,STU00708,CRS005,72
ENR002018,STU00944,CRS001,67
ENR002019,STU00487,CRS001,105
ENR002020,STU00009,CRS006,42
ENR002021,STU00569,CRS016,87
ENR002022,STU00402,CRS018,0
ENR002023,STU00806,CRS003,58
ENR002024,STU00031,CRS015,76
ENR002025,STU00126,CRS012,94
ENR002026,STU00385,CRS020,35
ENR002027,STU00396,CRS006,97
ENR002028,STU00786,CRS001,5
ENR002029,STU00473,CRS012,109
ENR002030,STU00197,CRS015,-9
ENR002031,STU00226,CRS001,87
ENR002032,STU00287,CRS012,14
ENR002033,STU00092,CRS020,70
ENR002034,STU00310,CRS008,19
ENR002035,STU00505,CRS012,-6
ENR002036,STU00287,CRS016,105
ENR002037,STU00720,CRS020,16
ENR002038,STU00007,CRS007,95
ENR002039,STU00653,CRS013,4
ENR002040,STU00890,CRS009,62
ENR002041,STU00512,CRS016,11
ENR002042,STU00565,CRS007,74
ENR002043,STU00756,CRS019,76
ENR002044,STU00698,CRS020,62
ENR002045,STU00179,CRS003,65
ENR002046,STU00131,CRS003,6
ENR002047,STU00265,CRS019,99
ENR002048,STU00233,CRS017,83
ENR002049,STU00801,CRS009,14
ENR002050,STU00868,CRS001,78
ENR002051,STU00694,CRS018,68
ENR002052,STU00258,CRS018,103
ENR002053,STU00464,CRS001,110
ENR002054,STU00437,CRS002,99
ENR002055,STU00961,CRS011,45
ENR002056,STU00864,CRS014,25
ENR002057,STU00124,CRS017,49
ENR002058,STU00507,CRS012,56
ENR002059,STU00777,CRS002,103
ENR002060,STU00738,CRS008,-4
ENR002061,STU00284,CRS014,58
ENR002062,STU00459,CRS011,-10
ENR002063,STU00401,CRS007,32
ENR002064,STU00083,CRS019,93
ENR002065,STU00025,CRS008,78
ENR002066,STU00433,CRS003,107
ENR002067,STU00255,CRS007,11
ENR002068,STU00337,CRS010,-2
ENR002069,STU00641,CRS004,-7
ENR002070,STU00491,CRS014,93
ENR002071,STU00024,CRS019,92
ENR002072,STU00641,CRS011,97
ENR002073,STU00256,CRS008,3
ENR002074,STU00484,CRS008,33
ENR002075,STU00852,CRS002,95
ENR002076,STU00341,CRS017,91
ENR002077,STU00242,CRS003,89
ENR002078,STU00614,CRS020,46
ENR002079,STU00782,CRS004,70
ENR002080,STU00457,CRS019,5
ENR002081,STU00087,CRS002,107
ENR002082,STU00034,CRS013,30
ENR002083,STU00911,CRS003,90
ENR002084,STU00130,CRS002,107
ENR002085,STU00821,CRS015,-3
ENR002086,STU00308,CRS020,70
ENR002087,STU00442,CRS003,3
ENR002088,STU00693,CRS002,61
ENR002089,STU00053,CRS010,98
ENR002090,STU00390,CRS013,2
ENR002091,STU00632,CRS014,19
ENR002092,STU00885,CRS020,90
ENR002093,STU00675,CRS020,-9
ENR002094,STU00464,CRS013,49
ENR002095,STU00814,CRS014,102
ENR002096,STU00635,CRS020,2
ENR002097,STU00347,CRS001,48
ENR002098,STU00529,CRS011,65
ENR002099,STU00197,CRS004,3
ENR002100,STU00012,CRS020,81
ENR002101,STU00069,CRS019,91
ENR002102,STU00860,CRS007,105
ENR002103,STU00586,CRS005,71
ENR002104,STU00521,CRS009,35
ENR002105,STU00431,CRS016,82
ENR002106,STU00635,CRS015,13
ENR002107,STU00248,CRS005,92
ENR002108,STU00045,CRS002,6
ENR002109,STU00319,CRS019,45
ENR002110,STU00525,CRS012,29
ENR002111,STU00597,CRS018,89
ENR002112,STU00149,CRS005,50
ENR002113,STU00316,CRS020,33
ENR002114,STU00298,CRS012,-9
ENR002115,STU00530,CRS019,74
ENR002116,STU00694,CRS005,-3
ENR002117,STU00243,CRS017,94
ENR002118,STU00855,CRS018,99
ENR002119,STU00055,CRS014,34
ENR002120,STU00200,CRS007,71
ENR002121,STU00930,CRS007,90
ENR002122,STU00070,CRS011,14
ENR002123,STU00683,CRS016,78
ENR002124,STU00708,CRS015,66
ENR002125,STU00709,CRS011,99
ENR002126,STU00592,CRS019,32
ENR002127,STU00630,CRS010,43
ENR002128,STU00336,CRS006,3
ENR002129,STU00465,CRS002,53
ENR002130,STU00224,CRS001,71
ENR002131,STU00228,CRS008,49
ENR002132,STU00638,CRS007,20
ENR002133,STU00492,CRS011,93
ENR002134,STU00757,CRS013,16
ENR002135,STU00409,CRS006,95
ENR002136,STU00006,CRS012,-9
ENR002137,STU00075,CRS012,-7
ENR002138,STU00568,CRS004,8
ENR002139,STU00297,CRS015,14
ENR002140,STU00646,CRS019,106
ENR002141,STU00783,CRS012,-5
ENR002142,STU00998,CRS001,15
ENR002143,STU00202,CRS010,12
ENR002144,STU00224,CRS009,82
ENR002145,STU00178,CRS011,98
ENR002146,STU00567,CRS008,12
ENR002147,STU00200,CRS001,12
ENR002148,STU00863,CRS009,106
ENR002149,STU00103,CRS001,96
ENR002150,STU00693,CRS005,38
ENR002151,STU00670,CRS004,33
ENR002152,STU00958,CRS007,29
ENR002153,STU00467,CRS008,37
ENR002154,STU00828,CRS012,74
ENR002155,STU00175,CRS017,92
ENR002156,STU00638,CRS014,102
ENR002157,STU00728,CRS003,5
ENR002158,STU00147,CRS005,91
ENR002159,STU00194,CRS007,58
ENR002160,STU00387,CRS012,30
ENR002161,STU00613,CRS014,71
ENR002162,STU00250,CRS002,87
ENR002163,STU00630,CRS019,14
ENR002164,STU00874,CRS018,27
ENR002165,STU00808,CRS005,31
ENR002166,STU00253,CRS002,70
ENR002167,STU00814,CRS009,101
ENR002168,STU00129,CRS017,64
ENR002169,STU00907,CRS016,16
ENR002170,STU00744,CRS003,90
ENR002171,STU00481,CRS020,-2
ENR002172,STU00171,CRS017,39
ENR002173,STU00769,CRS017,37
ENR002174,STU00510,CRS017,49
ENR002175,STU00183,CRS011,81
ENR002176,STU00382,CRS017,78
ENR002177,STU00494,CRS016,50
ENR002178,STU00274,CRS019,41
ENR002179,STU00653,CRS019,73
ENR002180,STU00037,CRS007,18
ENR002181,STU00916,CRS007,47
ENR002182,STU00883,CRS008,40
ENR002183,STU00223,CRS010,44
ENR002184,STU00910,CRS013,63
ENR002185,STU00160,CRS012,22
ENR002186,STU00563,CRS003,7
ENR002187,STU00769,CRS003,27
ENR002188,STU00455,CRS017,35
ENR002189,STU00235,CRS019,-5
ENR002190,STU00476,CRS017,69
ENR002191,STU00344,CRS014,47
ENR002192,STU00478,CRS014,42
ENR002193,STU00376,CRS016,30
ENR002194,STU00279,CRS013,-7
ENR002195,STU00183,CRS015,19
ENR002196,STU00271,CRS003,35
ENR002197,STU00923,CRS003,27
ENR002198,STU00862,CRS017,55
ENR002199,STU00559,CRS003,90
ENR002200,STU00283,CRS008,2
ENR002201,STU00121,CRS003,36
ENR002202,STU00039,CRS018,15
ENR002203,STU00341,CRS007,76
ENR002204,STU00337,CRS009,28
ENR002205,STU00763,CRS009,14
ENR002206,STU00722,CRS020,7
ENR002207,STU00875,CRS018,106
ENR002208,STU00267,CRS001,88
ENR002209,STU00306,CRS010,95
ENR002210,STU00354,CRS013,41
ENR002211,STU00841,CRS019,86
ENR002212,STU00671,CRS001,50
ENR002213,STU00669,CRS017,87
ENR002214,STU00974,CRS005,100
ENR002215,STU00407,CRS008,19
ENR002216,STU00740,CRS007,50
ENR002217,STU00239,CRS017,65
ENR002218,STU00804,CRS018,86
ENR002219,STU00479,CRS015,33
ENR002220,STU00810,CRS003,30
ENR002221,STU00866,CRS007,44
ENR002222,STU00788,CRS014,16
ENR002223,STU00449,CRS015,99
ENR002224,STU00571,CRS001,37
ENR002225,STU00142,CRS019,101
ENR002226,STU00131,CRS010,110
ENR002227,STU00755,CRS001,53
ENR002228,STU00829,CRS012,33
ENR002229,STU00230,CRS014,44
ENR002230,STU00702,CRS013,87
ENR002231,STU00797,CRS018,28
ENR002232,STU00333,CRS019,-8
ENR002233,STU00581,CRS002,108
ENR002234,STU00142,CRS005,32
ENR002235,STU00581,CRS020,106
ENR002236,STU00622,CRS019,100
ENR002237,STU00400,CRS013,16
ENR002238,STU00971,CRS013,-2
ENR002239,STU00547,CRS013,14
ENR002240,STU00486,CRS004,32
ENR002241,STU00583,CRS015,71
ENR002242,STU00916,CRS010,1
ENR002243,STU00175,CRS004,76
ENR002244,STU00566,CRS006,-6
ENR002245,STU00846,CRS020,52
ENR002246,STU00027,CRS006,15
ENR002247,STU00071,CRS013,26
ENR002248,STU00210,CRS008,27
ENR002249,STU00675,CRS017,-2
ENR002250,STU00465,CRS002,37
ENR002251,STU00530,CRS001,11
ENR002252,STU00334,CRS014,40
ENR002253,STU00160,CRS004,6
ENR002254,STU00549,CRS014,51
ENR002255,STU00760,CRS003,39
ENR002256,STU00978,CRS007,6
ENR002257,STU00891,CRS007,29
ENR002258,STU00442,CRS016,10
ENR002259,STU00618,CRS019,110
ENR002260,STU00317,CRS019,15
ENR002261,STU00514,CRS015,25
ENR002262,STU00206,CRS001,8
ENR002263,STU00456,CRS003,95
ENR002264,STU00408,CRS020,93
ENR002265,STU00252,CRS017,32
ENR002266,STU00932,CRS019,102
ENR002267,STU00502,CRS015,49
ENR002268,STU00589,CRS002,84
ENR002269,STU00093,CRS010,72
ENR002270,STU00902,CRS015,34
ENR002271,STU00717,CRS010,40
ENR002272,STU00627,CRS006,43
ENR002273,STU00255,CRS006,105
ENR002274,STU00632,CRS014,48
ENR002275,STU00393,CRS006,79
ENR002276,STU00582,CRS004,40
ENR002277,STU00715,CRS002,20
ENR002278,STU00906,CRS006,25
ENR002279,STU00903,CRS018,27
ENR002280,STU00682,CRS003,79
ENR002281,STU00743,CRS007,106
ENR002282,STU00505,CRS014,87
ENR002283,STU00566,CRS004,37
ENR002284,STU00078,CRS004,54
ENR002285,STU00784,CRS011,42
ENR002286,STU00461,CRS006,22
ENR002287,STU00212,CRS017,-5
ENR002288,STU00473,CRS001,-1
ENR002289,STU00654,CRS015,38
ENR002290,STU00351,CRS013,99
ENR002291,STU00199,CRS013,-6
ENR002292,STU00010,CRS009,4
ENR002293,STU00726,CRS005,31
ENR002294,STU00686,CRS015,52
ENR002295,STU00472,CRS003,0
ENR002296,STU00561,CRS008,81
ENR002297,STU00972,CRS015,7
ENR002298,STU00482,CRS009,97
ENR002299,STU00165,CRS006,97
ENR002300,STU00018,CRS020,2
ENR002301,STU00181,CRS010,5
ENR002302,STU00547,CRS013,11
ENR002303,STU00079,CRS001,76
ENR002304,STU00279,CRS005,46
ENR002305,STU00366,CRS006,17
ENR002306,STU00731,CRS002,104
ENR002307,STU00691,CRS018,17
ENR002308,STU00452,CRS002,97
ENR002309,STU00650,CRS017,72
ENR002310,STU00678,CRS004,39
ENR002311,STU00706,CRS010,46
ENR002312,STU00053,CRS020,-10
ENR002313,STU00049,CRS013,88
ENR002314,STU00206,CRS008,37
ENR002315,STU00930,CRS008,15
ENR002316,STU00093,CRS001,43
ENR002317,STU00028,CRS001,33
ENR002318,STU00840,CRS007,77
ENR002319,STU00685,CRS003,18
ENR002320,STU00981,CRS004,92
ENR002321,STU00855,CRS006,82
ENR002322,STU00171,CRS002,43
ENR002323,STU00524,CRS004,94
ENR002324,STU00334,CRS011,61
ENR002325,STU00641,CRS007,69
ENR002326,STU00212,CRS018,40
ENR002327,STU00961,CRS014,5
ENR002328,STU00237,CRS007,3
ENR002329,STU00365,CRS011,12
ENR002330,STU00015,CRS013,73
ENR002331,STU00323,CRS001,39
ENR002332,STU00217,CRS015,18
ENR002333,STU00067,CRS009,73
ENR002334,STU00638,CRS012,-5
ENR002335,STU00068,CRS007,42
ENR002336,STU00308,CRS020,53
ENR002337,STU00104,CRS018,91
ENR002338,STU00944,CRS019,11
ENR002339,STU00257,CRS004,66
ENR002340,STU00332,CRS013,76
ENR002341,STU00946,CRS005,32
ENR002342,STU00179,CRS011,98
ENR002343,STU00682,CRS016,-2
ENR002344,STU00343,CRS001,67
ENR002345,STU00933,CRS019,47
ENR002346,STU00391,CRS017,71
ENR002347,STU00759,CRS008,54
ENR002348,STU00601,CRS001,19
ENR002349,STU00021,CRS020,87
ENR002350,STU00918,CRS004,29
ENR002351,STU00242,CRS014,86
ENR002352,STU00249,CRS020,0
ENR002353,STU00061,CRS005,37
ENR002354,STU00510,CRS010,15
ENR002355,STU00155,CRS013,16
ENR002356,STU00657,CRS002,20
ENR002357,STU00945,CRS020,46
ENR002358,STU00756,CRS011,7
ENR002359,STU00284,CRS011,72
ENR002360,STU00805,CRS002,56
ENR002361,STU00810,CRS014,72
ENR002362,STU00832,CRS010,86
ENR002363,STU00024,CRS008,98
ENR002364,STU00750,CRS011,33
ENR002365,STU00248,CRS007,59
ENR002366,STU00055,CRS008,92
ENR002367,STU00703,CRS008,67
ENR002368,STU00893,CRS013,56
ENR002369,STU00329,CRS006,46
ENR002370,STU00644,CRS001,-2
ENR002371,STU00890,CRS016,-2
ENR002372,STU00976,CRS007,-4
ENR002373,STU00649,CRS005,110
ENR002374,STU00209,CRS005,1
ENR002375,STU00177,CRS019,60
ENR002376,STU00851,CRS007,20
ENR002377,STU00519,CRS003,44
ENR002378,STU00742,CRS015,29
ENR002379,STU00168,CRS007,21
ENR002380,STU00434,CRS006,67
ENR002381,STU00254,CRS010,26
ENR002382,STU00590,CRS015,71
ENR002383,STU00206,CRS009,100
ENR002384,STU00800,CRS016,0
ENR002385,STU00973,CRS012,40
ENR002386,STU00386,CRS006,50
ENR002387,STU00451,CRS014,54
ENR002388,STU00624,CRS014,87
ENR002389,STU00159,CRS016,-8
ENR002390,STU00780,CRS013,44
ENR002391,STU00874,CRS003,87
ENR002392,STU00928,CRS010,66
ENR002393,STU00550,CRS005,60
ENR002394,STU00744,CRS006,22
ENR002395,STU00389,CRS015,29
ENR002396,STU00464,CRS010,38
ENR002397,STU00575,CRS020,51
ENR002398,STU00073,CRS011,7
ENR002399,STU00732,CRS016,15
ENR002400,STU00158,CRS007,-10
ENR002401,STU00013,CRS017,83
ENR002402,STU00742,CRS012,52
ENR002403,STU00414,CRS014,110
ENR002404,STU00404,CRS012,39
ENR002405,STU00501,CRS010,72
ENR002406,STU00602,CRS003,42
ENR002407,STU00906,CRS002,107
ENR002408,STU00127,CRS013,109
ENR002409,STU00579,CRS006,14
ENR002410,STU00781,CRS014,22
ENR002411,STU00789,CRS012,55
ENR002412,STU00726,CRS016,71
ENR002413,STU00705,CRS012,79
ENR002414,STU00059,CRS013,108
ENR002415,STU00434,CRS008,21
ENR002416,STU00489,CRS002,107
ENR002417,STU00832,CRS012,70
ENR002418,STU00723,CRS001,79
ENR002419,STU00681,CRS005,23
ENR002420,STU00619,CRS015,110
ENR002421,STU00697,CRS005,22
ENR002422,STU00253,CRS020,64
ENR002423,STU00974,CRS006,-9
ENR002424,STU00119,CRS003,72
ENR002425,STU00728,CRS013,40
ENR002426,STU00723,CRS019,105
ENR002427,STU00082,CRS017,106
ENR002428,STU00193,CRS014,11
ENR002429,STU00849,CRS014,22
ENR002430,STU00708,CRS010,54
ENR002431,STU00990,CRS018,74
ENR002432,STU00907,CRS013,65
ENR002433,STU00315,CRS014,86
ENR002434,STU00897,CRS003,3
ENR002435,STU00651,CRS019,89
ENR002436,STU00816,CRS012,94
ENR002437,STU00146,CRS009,85
ENR002438,STU00214,CRS013,79
ENR002439,STU00315,CRS001,11
ENR002440,STU00835,CRS016,-10
ENR002441,STU00099,CRS003,89
ENR002442,STU00713,CRS014,57
ENR002443,STU00426,CRS010,83
ENR002444,STU00441,CRS006,12
ENR002445,STU00383,CRS006,80
ENR002446,STU00137,CRS007,52
ENR002447,STU00186,CRS017,4
ENR002448,STU00461,CRS019,94
ENR002449,STU00217,CRS006,15
ENR002450,STU00060,CRS006,93
ENR002451,STU00777,CRS007,23
ENR002452,STU00923,CRS014,46
ENR002453,STU00641,CRS020,3
ENR002454,STU00889,CRS006,0
ENR002455,STU00300,CRS003,38
ENR002456,STU00127,CRS009,-2
ENR002457,STU00350,CRS001,64
ENR002458,STU00240,CRS016,52
ENR002459,STU00688,CRS004,-9
ENR002460,STU00062,CRS009,86
ENR002461,STU00978,CRS001,75
ENR002462,STU00596,CRS002,2
ENR002463,STU00216,CRS017,91
ENR002464,STU00007,CRS013,67
ENR002465,STU00532,CRS009,109
ENR002466,STU00497,CRS016,86
ENR002467,STU00345,CRS020,44
ENR002468,STU00344,CRS012,77
ENR002469,STU00911,CRS011,30
ENR002470,STU00836,CRS008,110
ENR002471,STU00369,CRS013,38
ENR002472,STU00625,CRS002,35
ENR002473,STU00894,CRS011,93
ENR002474,STU00102,CRS001,48
ENR002475,STU00891,CRS013,82
ENR002476,STU00855,CRS005,-7
ENR002477,STU00616,CRS004,101
ENR002478,STU00543,CRS009,79
ENR002479,STU00769,CRS008,37
ENR002480,STU00462,CRS020,77
ENR002481,STU00674,CRS016,55
ENR002482,STU00423,CRS007,-10
ENR002483,STU00653,CRS011,-8
ENR002484,STU00648,CRS012,101
ENR002485,STU00046,CRS011,76
ENR002486,STU00454,CRS008,67
ENR002487,STU00496,CRS013,84
ENR002488,STU00627,CRS003,34
ENR002489,STU00438,CRS016,74
ENR002490,STU00877,CRS004,83
ENR002491,STU00394,CRS010,67
ENR002492,STU00199,CRS005,101
ENR002493,STU00532,CRS019,90
ENR002494,STU00877,CRS017,-6
ENR002495,STU00130,CRS016,91
ENR002496,STU00089,CRS010,96
ENR002497,STU00689,CRS018,101
ENR002498,STU00478,CRS006,104
ENR002499,STU00456,CRS004,51
ENR002500,STU00678,CRS018,20
ENR002501,STU00249,CRS007,11
ENR002502,STU00771,CRS003,3
ENR002503,STU00445,CRS001,10
ENR002504,STU00951,CRS011,105
ENR002505,STU00392,CRS009,18
ENR002506,STU00736,CRS009,75
ENR002507,STU00487,CRS004,75
ENR002508,STU00139,CRS018,71
ENR002509,STU00742,CRS016,1
ENR002510,STU00814,CRS011,101
ENR002511,STU00229,CRS019,88
ENR002512,STU00946,CRS020,-2
ENR002513,STU00659,CRS011,38
ENR002514,STU00932,CRS013,73
ENR002515,STU00657,CRS018,99
ENR002516,STU00447,CRS008,18
ENR002517,STU00265,CRS004,27
ENR002518,STU00089,CRS004,1
ENR002519,STU00348,CRS019,109
ENR002520,STU00192,CRS004,63
ENR002521,STU00376,CRS005,99
ENR002522,STU00320,CRS013,63
ENR002523,STU00754,CRS001,29
ENR002524,STU00063,CRS019,58
ENR002525,STU00194,CRS013,44
ENR002526,STU00327,CRS012,92
ENR002527,STU00695,CRS005,56
ENR002528,STU00679,CRS020,65
ENR002529,STU00227,CRS004,40
ENR002530,STU00009,CRS018,99
ENR002531,STU00471,CRS011,8
ENR002532,STU00835,CRS010,97
ENR002533,STU00224,CRS016,77
ENR002534,STU00466,CRS005,66
ENR002535,STU00290,CRS005,85
ENR002536,STU00681,CRS002,66
ENR002537,STU00327,CRS010,54
ENR002538,STU00705,CRS004,25
ENR002539,STU00868,CRS019,51
ENR002540,STU00646,CRS007,53
ENR002541,STU00298,CRS013,-3
ENR002542,STU00829,CRS011,9
ENR002543,STU00847,CRS007,98
ENR002544,STU00750,CRS008,79
ENR002545,STU00753,CRS002,108
ENR002546,STU00886,CRS006,99
ENR002547,STU00499,CRS013,28
ENR002548,STU00834,CRS006,-8
ENR002549,STU00561,CRS013,33
ENR002550,STU00432,CRS016,34
ENR002551,STU00775,CRS013,40
ENR002552,STU00073,CRS017,83
ENR002553,STU00289,CRS010,79
ENR002554,STU00945,CRS007,79
ENR002555,STU00876,CRS018,40
ENR002556,STU00099,CRS005,31
ENR002557,STU00770,CRS019,100
ENR002558,STU00824,CRS002,98
ENR002559,STU00957,CRS010,48
ENR002560,STU00670,CRS006,63
ENR002561,STU00140,CRS015,79
ENR002562,STU00494,CRS010,104
ENR002563,STU00148,CRS007,17
ENR002564,STU00823,CRS007,84
ENR002565,STU00666,CRS001,36
ENR002566,STU00743,CRS019,3
ENR002567,STU00694,CRS005,38
ENR002568,STU00973,CRS014,76
ENR002569,STU00861,CRS006,108
ENR002570,STU00057,CRS004,35
ENR002571,STU00997,CRS016,12
ENR002572,STU00967,CRS002,5
ENR002573,STU00527,CRS011,65
ENR002574,STU00444,CRS005,70
ENR002575,STU00739,CRS013,21
ENR002576,STU00034,CRS004,20
ENR002577,STU00406,CRS016,28
ENR002578,STU00704,CRS020,12
ENR002579,STU00668,CRS013,89
ENR002580,STU00708,CRS003,89
ENR002581,STU00474,CRS013,25
ENR002582,STU00647,CRS015,37
ENR002583,STU00011,CRS004,4
ENR002584,STU00084,CRS004,52
ENR002585,STU00656,CRS017,18
ENR002586,STU00023,CRS019,63
ENR002587,STU00586,CRS016,25
ENR002588,STU00710,CRS004,91
ENR002589,STU00607,CRS006,39
ENR002590,STU00495,CRS014,28
ENR002591,STU00585,CRS005,2
ENR002592,STU00333,CRS003,81
ENR002593,STU00930,CRS018,13
ENR002594,STU00415,CRS001,40
ENR002595,STU00569,CRS018,90
ENR002596,STU00831,CRS017,52
ENR002597,STU00065,CRS017,97
ENR002598,STU00598,CRS018,81
ENR002599,STU00838,CRS004,86
ENR002600,STU00771,CRS007,74
ENR002601,STU00919,CRS004,13
ENR002602,STU00882,CRS020,78
ENR002603,STU00184,CRS001,61
ENR002604,STU00457,CRS011,5
ENR002605,STU00040,CRS005,63
ENR002606,STU00211,CRS006,1
ENR002607,STU00575,CRS009,98
ENR002608,STU00771,CRS002,0
ENR002609,STU00127,CRS017,28
ENR002610,STU00372,CRS018,11
ENR002611,STU00433,CRS001,21
ENR002612,STU00307,CRS002,56
ENR002613,STU00926,CRS010,74
ENR002614,STU00546,CRS015,7
ENR002615,STU00590,CRS016,78
ENR002616,STU00320,CRS017,106
ENR002617,STU00360,CRS020,58
ENR002618,STU00522,CRS007,78
ENR002619,STU00101,CRS002,20
ENR002620,STU00037,CRS007,8
ENR002621,STU00306,CRS007,7
ENR002622,STU00616,CRS018,17
ENR002623,STU00605,CRS012,25
ENR002624,STU00131,CRS020,44
ENR002625,STU00076,CRS018,22
ENR002626,STU00266,CRS013,73
ENR002627,STU00925,CRS006,41
ENR002628,STU00467,CRS003,110
ENR002629,STU00260,CRS014,110
ENR002630,STU00711,CRS005,58
ENR002631,STU00208,CRS003,70
ENR002632,STU00750,CRS009,71
ENR002633,STU00713,CRS007,81
ENR002634,STU00381,CRS019,74
ENR002635,STU00663,CRS017,67
ENR002636,STU00167,CRS014,95
ENR002637,STU00157,CRS011,90
ENR002638,STU00444,CRS013,-7
ENR002639,STU00987,CRS020,21
ENR002640,STU00079,CRS009,5
ENR002641,STU00544,CRS004,77
ENR002642,STU00561,CRS014,-2
ENR002643,STU00337,CRS003,36
ENR002644,STU00931,CRS011,89
ENR002645,STU00279,CRS005,101
ENR002646,STU00817,CRS008,25
ENR002647,STU00010,CRS004,38
ENR002648,STU00992,CRS008,38
ENR002649,STU00974,CRS004,90
ENR002650,STU00947,CRS004,12
ENR002651,STU00539,CRS010,65
ENR002652,STU00841,CRS016,2
ENR002653,STU00541,CRS012,79
ENR002654,STU00585,CRS010,60
ENR002655,STU00277,CRS020,2
ENR002656,STU00918,CRS002,11
ENR002657,STU00325,CRS013,13
ENR002658,STU00353,CRS018,60
ENR002659,STU00608,CRS013,51
ENR002660,STU00606,CRS005,23
ENR002661,STU00009,CRS017,81
ENR002662,STU00159,CRS005,8
ENR002663,STU00387,CRS019,84
ENR002664,STU00273,CRS002,107
ENR002665,STU00742,CRS012,80
ENR002666,STU00796,CRS008,76
ENR002667,STU00623,CRS014,80
ENR002668,STU00468,CRS006,46
ENR002669,STU00362,CRS015,54
ENR002670,STU00293,CRS009,44
ENR002671,STU00533,CRS008,29
ENR002672,STU00650,CRS003,29
ENR002673,STU00416,CRS011,98
ENR002674,STU00092,CRS003,-1
ENR002675,STU00747,CRS008,110
ENR002676,STU00095,CRS006,63
ENR002677,STU00058,CRS003,85
ENR002678,STU00292,CRS018,108
ENR002679,STU00504,CRS001,44
ENR002680,STU00693,CRS017,109
ENR002681,STU00748,CRS005,51
ENR002682,STU00509,CRS017,77
ENR002683,STU00693,CRS018,79
ENR002684,STU00127,CRS013,-9
ENR002685,STU00631,CRS007,106
ENR002686,STU00851,CRS001,81
ENR002687,STU00435,CRS018,85
ENR002688,STU00353,CRS008,84
ENR002689,STU00677,CRS017,77
ENR002690,STU00623,CRS002,67
ENR002691,STU00459,CRS006,76
ENR002692,STU00952,CRS017,105
ENR002693,STU00230,CRS006,-1
ENR002694,STU00375,CRS005,55
ENR002695,STU00361,CRS002,44
ENR002696,STU00507,CRS013,11
ENR002697,STU00382,CRS004,33
ENR002698,STU00935,CRS008,96
ENR002699,STU00552,CRS004,27
ENR002700,STU00306,CRS016,27
ENR002701,STU00271,CRS007,-10
ENR002702,STU00755,CRS019,40
ENR002703,STU00222,CRS010,108
ENR002704,STU00955,CRS017,95
ENR002705,STU00914,CRS002,109
ENR002706,STU00474,CRS020,98
ENR002707,STU00499,CRS002,35
ENR002708,STU00006,CRS020,48
ENR002709,STU00336,CRS010,35
ENR002710,STU00109,CRS001,34
ENR002711,STU00911,CRS006,41
ENR002712,STU00363,CRS001,2
ENR002713,STU00441,CRS016,15
ENR002714,STU00086,CRS017,55
ENR002715,STU00920,CRS005,42
ENR002716,STU00126,CRS016,-10
ENR002717,STU00159,CRS009,18
ENR002718,STU00481,CRS013,37
ENR002719,STU00306,CRS012,44
ENR002720,STU00913,CRS006,58
ENR002721,STU00831,CRS009,3
ENR002722,STU00449,CRS015,10
ENR002723,STU00143,CRS012,85
ENR002724,STU00444,CRS001,35
ENR002725,STU00904,CRS007,4
ENR002726,STU00194,CRS010,-5
ENR002727,STU00136,CRS013,43
ENR002728,STU00761,CRS011,105
ENR002729,STU00032,CRS006,75
ENR002730,STU00203,CRS016,75
ENR002731,STU00272,CRS004,43
ENR002732,STU00500,CRS018,53
ENR002733,STU00819,CRS005,31
ENR002734,STU00769,CRS013,54
ENR002735,STU00743,CRS013,6
ENR002736,STU00112,CRS004,91
ENR002737,STU00021,CRS005,9
ENR002738,STU00352,CRS017,-9
ENR002739,STU00785,CRS008,-4
ENR002740,STU00694,CRS011,44
ENR002741,STU00999,CRS020,84
ENR002742,STU00008,CRS014,51
ENR002743,STU00296,CRS010,52
ENR002744,STU00084,CRS014,21
ENR002745,STU00632,CRS005,83
ENR002746,STU00523,CRS006,21
ENR002747,STU00287,CRS004,100
ENR002748,STU00269,CRS008,75
ENR002749,STU00840,CRS014,15
ENR002750,STU00485,CRS004,79
ENR002751,STU00747,CRS017,68
ENR002752,STU00185,CRS007,99
ENR002753,STU00605,CRS005,19
ENR002754,STU00123,CRS005,41
ENR002755,STU00039,CRS009,14
ENR002756,STU00951,CRS005,44
ENR002757,STU00018,CRS020,15
ENR002758,STU00093,CRS002,38
ENR002759,STU00417,CRS017,29
ENR002760,STU00716,CRS008,18
ENR002761,STU00344,CRS014,51
ENR002762,STU00062,CRS017,44
ENR002763,STU00659,CRS002,28
ENR002764,STU00112,CRS009,36
ENR002765,STU00287,CRS012,81
ENR002766,STU00428,CRS008,30
ENR002767,STU00916,CRS002,13
ENR002768,STU00041,CRS001,-4
ENR002769,STU00676,CRS011,17
ENR002770,STU00292,CRS016,25
ENR002771,STU00930,CRS020,2
ENR002772,STU00441,CRS006,22
ENR002773,STU00971,CRS016,36
ENR002774,STU00342,CRS010,4
ENR002775,STU00099,CRS001,77
ENR002776,STU00565,CRS005,32
ENR002777,STU00369,CRS012,85
ENR002778,STU00797,CRS019,57
ENR002779,STU00619,CRS012,20
ENR002780,STU00665,CRS009,16
ENR002781,STU00598,CRS013,1
ENR002782,STU00908,CRS004,6
ENR002783,STU00644,CRS020,5
ENR002784,STU00042,CRS019,106
ENR002785,STU00905,CRS007,14
ENR002786,STU00721,CRS015,108
ENR002787,STU00101,CRS003,110
ENR002788,STU00559,CRS020,33
ENR002789,STU00308,CRS016,87
ENR002790,STU00206,CRS018,82
ENR002791,STU00157,CRS002,6
ENR002792,STU00196,CRS014,60
ENR002793,STU00728,CRS009,104
ENR002794,STU00898,CRS018,34
ENR002795,STU00916,CRS012,47
ENR002796,STU00644,CRS004,106
ENR002797,STU00446,CRS003,51
ENR002798,STU00429,CRS017,109
ENR002799,STU00975,CRS017,91
ENR002800,STU00022,CRS006,66
ENR002801,STU00280,CRS005,27
ENR002802,STU00046,CRS019,-3
ENR002803,STU00813,CRS007,84
ENR002804,STU00834,CRS013,53
ENR002805,STU00701,CRS018,101
ENR002806,STU00525,CRS003,11
ENR002807,STU00448,CRS017,39
ENR002808,STU00575,CRS013,41
ENR002809,STU00621,CRS009,16
ENR002810,STU00188,CRS001,10
ENR002811,STU00585,CRS007,65
ENR002812,STU00713,CRS001,102
ENR002813,STU00950,CRS017,48
ENR002814,STU00515,CRS017,23
ENR002815,STU00310,CRS008,27
ENR002816,STU00725,CRS009,60
ENR002817,STU00121,CRS006,18
ENR002818,STU00046,CRS018,20
ENR002819,STU00298,CRS002,71
ENR002820,STU00151,CRS009,108
ENR002821,STU00136,CRS009,101
ENR002822,STU00809,CRS002,72
ENR002823,STU00254,CRS007,58
ENR002824,STU00118,CRS001,73
ENR002825,STU00355,CRS020,37
ENR002826,STU00332,CRS003,80
ENR002827,STU00905,CRS018,23
ENR002828,STU00739,CRS005,42
ENR002829,STU00919,CRS020,27
ENR002830,STU00332,CRS002,70
ENR002831,STU00835,CRS001,95
ENR002832,STU00364,CRS008,83
ENR002833,STU00988,CRS009,12
ENR002834,STU00262,CRS001,58
ENR002835,STU00673,CRS019,3
ENR002836,STU00739,CRS013,73
ENR002837,STU00263,CRS020,60
ENR002838,STU00211,CRS015,18
ENR002839,STU00332,CRS009,16
ENR002840,STU00595,CRS013,9
ENR002841,STU00456,CRS008,83
ENR002842,STU00743,CRS014,37
ENR002843,STU00151,CRS016,1
ENR002844,STU00507,CRS006,48
ENR002845,STU00189,CRS006,14
ENR002846,STU00583,CRS016,110
ENR002847,STU00746,CRS006,72
ENR002848,STU00288,CRS001,29
ENR002849,STU00166,CRS006,94
ENR002850,STU00403,CRS020,14
ENR002851,STU00071,CRS005,-1
ENR002852,STU00436,CRS008,48
ENR002853,STU00930,CRS013,2
ENR002854,STU00741,CRS017,7
ENR002855,STU00744,CRS001,67
ENR002856,STU00102,CRS013,39
ENR002857,STU00021,CRS004,95
ENR002858,STU00013,CRS002,6
ENR002859,STU00254,CRS003,24
ENR002860,STU00146,CRS020,-9
ENR002861,STU00811,CRS001,91
ENR002862,STU00108,CRS018,84
ENR002863,STU00837,CRS011,99
ENR002864,STU00724,CRS003,15
ENR002865,STU00142,CRS016,87
ENR002866,STU00576,CRS015,94
ENR002867,STU00167,CRS010,32
ENR002868,STU00490,CRS005,21
ENR002869,STU00057,CRS018,78
ENR002870,STU00273,CRS018,5
ENR002871,STU00021,CRS002,3
ENR002872,STU00557,CRS010,3
ENR002873,STU00523,CRS014,8
ENR002874,STU00001,CRS008,-7
ENR002875,STU00232,CRS014,39
ENR002876,STU00150,CRS012,73
ENR002877,STU00293,CRS008,107
ENR002878,STU00900,CRS013,77
ENR002879,STU00905,CRS004,52
ENR002880,STU00173,CRS004,18
ENR002881,STU00104,CRS010,35
ENR002882,STU00078,CRS020,32
ENR002883,STU00121,CRS012,108
ENR002884,STU00946,CRS003,104
ENR002885,STU00044,CRS020,9
ENR002886,STU00182,CRS014,57
ENR002887,STU00342,CRS020,13
ENR002888,STU00695,CRS014,9
ENR002889,STU00914,CRS010,69
ENR002890,STU00837,CRS010,34
ENR002891,STU00896,CRS004,24
ENR002892,STU00938,CRS016,74
ENR002893,STU00377,CRS009,93
ENR002894,STU00928,CRS003,90
ENR002895,STU00002,CRS005,89
ENR002896,STU00671,CRS005,30
ENR002897,STU00151,CRS013,47
ENR002898,STU00738,CRS016,94
ENR002899,STU00068,CRS004,63
ENR002900,STU00437,CRS009,8
ENR002901,STU00092,CRS011,6
ENR002902,STU00186,CRS013,35
ENR002903,STU00326,CRS016,44
ENR002904,STU00492,CRS014,67
ENR002905,STU00812,CRS011,7
ENR002906,STU00821,CRS008,39
ENR002907,STU00428,CRS018,53
ENR002908,STU00551,CRS018,53
ENR002909,STU00545,CRS018,95
ENR002910,STU00235,CRS013,0
ENR002911,STU00594,CRS014,57
ENR002912,STU00591,CRS008,79
ENR002913,STU00089,CRS008,36
ENR002914,STU00002,CRS007,98
ENR002915,STU00017,CRS012,61
ENR002916,STU00485,CRS005,107
ENR002917,STU00112,CRS002,106
ENR002918,STU00357,CRS012,98
ENR002919,STU00869,CRS005,27
ENR002920,STU00471,CRS005,96
ENR002921,STU00873,CRS018,109
ENR002922,STU00934,CRS014,21
ENR002923,STU00215,CRS008,-3
ENR002924,STU00764,CRS005,5
ENR002925,STU00985,CRS005,38
ENR002926,STU00750,CRS001,79
ENR002927,STU00988,CRS014,37
ENR002928,STU00055,CRS004,74
ENR002929,STU00595,CRS003,51
ENR002930,STU00857,CRS020,101
ENR002931,STU00161,CRS001,8
ENR002932,STU00374,CRS005,0
ENR002933,STU00250,CRS003,-9
ENR002934,STU00582,CRS014,9
ENR002935,STU00783,CRS006,50
ENR002936,STU00761,CRS005,85
ENR002937,STU00540,CRS010,50
ENR002938,STU00421,CRS011,46
ENR002939,STU00800,CRS001,26
ENR002940,STU00113,CRS005,-3
ENR002941,STU00902,CRS002,67
ENR002942,STU00769,CRS006,54
ENR002943,STU00164,CRS001,40
ENR002944,STU00852,CRS014,77
ENR002945,STU00970,CRS015,60
ENR002946,STU00728,CRS009,107
ENR002947,STU00585,CRS017,29
ENR002948,STU00726,CRS008,44
ENR002949,STU00953,CRS006,24
ENR002950,STU00996,CRS003,56
ENR002951,STU00386,CRS005,85
ENR002952,STU00216,CRS013,69
ENR002953,STU00057,CRS008,40
ENR002954,STU00188,CRS018,67
ENR002955,STU00861,CRS003,94
ENR002956,STU00709,CRS015,51
ENR002957,STU00320,CRS013,95
ENR002958,STU00389,CRS006,-4
ENR002959,STU00822,CRS012,72
ENR002960,STU00434,CRS007,24
ENR002961,STU00111,CRS004,-1
ENR002962,STU00371,CRS020,89
ENR002963,STU00866,CRS011,-7
ENR002964,STU00245,CRS010,10
ENR002965,STU00554,CRS004,-2
ENR002966,STU00216,CRS020,-9
ENR002967,STU00774,CRS010,14
ENR002968,STU00564,CRS007,71
ENR002969,STU00951,CRS002,20
ENR002970,STU00275,CRS003,62
ENR002971,STU00578,CRS002,62
ENR002972,STU00809,CRS016,-5
ENR002973,STU00049,CRS011,1
ENR002974,STU00966,CRS010,-9
ENR002975,STU00365,CRS010,40
ENR002976,STU00512,CRS007,30
ENR002977,STU00769,CRS013,82
ENR002978,STU00364,CRS005,79
ENR002979,STU00690,CRS004,32
ENR002980,STU00417,CRS017,2
ENR002981,STU00514,CRS005,-7
ENR002982,STU00601,CRS013,51
ENR002983,STU00600,CRS002,27
ENR002984,STU00165,CRS005,77
ENR002985,STU00474,CRS003,103
ENR002986,STU00640,CRS003,81
ENR002987,STU00237,CRS007,93
ENR002988,STU00697,CRS005,88
ENR002989,STU00735,CRS006,54
ENR002990,STU00528,CRS020,73
ENR002991,STU00535,CRS011,47
ENR002992,STU00804,CRS005,33
ENR002993,STU00297,CRS012,69
ENR002994,STU00876,CRS014,-5
ENR002995,STU00912,CRS013,20
ENR002996,STU00213,CRS020,67
ENR002997,STU00076,CRS005,62
ENR002998,STU00642,CRS016,2
ENR002999,STU00824,CRS001,8
